number	value	datetime_start	datetime_complete	params_loss.margin	params_model.embedding_dim	params_negative_sampler.num_negs_per_pos	params_optimizer.lr	params_optimizer.lr_decay	params_training.batch_size	user_attrs_avg.adjusted_mean_rank	user_attrs_avg.hits_at_1	user_attrs_avg.hits_at_10	user_attrs_avg.hits_at_3	user_attrs_avg.hits_at_5	user_attrs_avg.mean_rank	user_attrs_avg.mean_reciprocal_rank	user_attrs_best.hits_at_1	user_attrs_best.hits_at_10	user_attrs_best.hits_at_3	user_attrs_best.hits_at_5	user_attrs_best.mean_rank	user_attrs_best.mean_reciprocal_rank	user_attrs_failure	user_attrs_random_seed	user_attrs_stopped_epoch	user_attrs_worst.hits_at_1	user_attrs_worst.hits_at_10	user_attrs_worst.hits_at_3	user_attrs_worst.hits_at_5	user_attrs_worst.mean_rank	user_attrs_worst.mean_reciprocal_rank	system_attrs__number	system_attrs_fail_reason	state
0	0.007182621118153267	2020-07-26 03:32:12.358380	2020-07-26 03:50:28.473571	7.288668921668866	512	26	0.09315192334092645	0.01218609252991112	256	0.755414584790104	0.0008106667876053016	0.007182621118153267	0.0023866483746981257	0.0037925600063492782	3592.173530879035	0.00437609616492687	0.0008106667876053016	0.007182621118153267	0.0023866483746981257	0.0037925600063492782	3592.1734260025623	0.0043760968321684395		1530525787.0	75.0	0.0008106667876053016	0.007182621118153267	0.0023866483746981257	0.0037925600063492782	3592.1736357555073	0.00437609550407649	0		COMPLETE
1	0.0026757672989489675	2020-07-26 03:50:28.475165	2020-07-26 04:04:57.356231	1.0829016476165854	512	37	0.003004778140831493	0.004265949415186986	2048	0.9538722715629473	0.0006009138425605733	0.0026757672989489675	0.0012188346806653136	0.0015986575811517136	4541.615780791165	0.001981167830886736	0.0006009138425605733	0.0026757672989489675	0.0012188346806653136	0.0015986575811517136	4541.61572693568	0.0019811678469170433		4199584627.0	75.0	0.0006009138425605733	0.0026757672989489675	0.0012188346806653136	0.0015986575811517136	4541.615834646651	0.00198116781487032	1		COMPLETE
2	0.0011961586866064242	2020-07-26 04:04:57.357937	2020-07-26 04:17:04.331252	6.476041338005904	256	39	0.0003062110505333807	0.001574707024376982	512	0.9997191212631515	0.00013038696583861495	0.0011961586866064242	0.00035147790791278813	0.0005442238574133493	4759.68404687128	0.001073137736834946	0.00013038696583861495	0.0011961586866064242	0.00035147790791278813	0.0005442238574133493	4759.683998684793	0.0010731379839523914		4253633096.0	75.0	0.00013038696583861495	0.0011961586866064242	0.00035147790791278813	0.0005442238574133493	4759.684095057767	0.0010731374919399617	2		COMPLETE
3	0.0011961586866064242	2020-07-26 04:17:04.332890	2020-07-26 04:23:31.890156	8.359030888669945	64	20	0.0032206076028348223	0.0012984448102062883	1024	0.9979931243183885	0.00016440095692694929	0.0011961586866064242	0.0003571469064275105	0.0006632728262225196	4751.309204185988	0.001123261892758542	0.00016440095692694929	0.0011961586866064242	0.0003571469064275105	0.0006632728262225196	4751.309124820009	0.0011232619026637694		4021662491.0	75.0	0.00016440095692694929	0.0011961586866064242	0.0003571469064275105	0.0006632728262225196	4751.309283551967	0.0011232618828598462	3		COMPLETE
4	0.0010657717207678092	2020-07-26 04:23:31.891685	2020-07-26 04:26:19.618260	5.5438828648169025	128	27	0.0010138176655388866	0.09700619630599286	2048														CUDA out of memory. Tried to allocate 4.74 GiB (GPU 0; 31.72 GiB total capacity; 17.69 GiB already allocated; 4.29 GiB free; 26.44 GiB reserved in total by PyTorch)									4	Setting status of trial#4 as TrialState.FAIL because the returned value from the objective function cannot be casted to float. Returned value is: None	FAIL
5	0.0010997857118561435	2020-07-26 04:26:19.618283	2020-07-26 04:29:40.030220	5.974764234149841	128	48	0.00022445959373987168	0.037919485505538926	2048														CUDA out of memory. Tried to allocate 4.74 GiB (GPU 0; 31.72 GiB total capacity; 17.69 GiB already allocated; 4.29 GiB free; 26.44 GiB reserved in total by PyTorch)									5	Setting status of trial#5 as TrialState.FAIL because the returned value from the objective function cannot be casted to float. Returned value is: None	FAIL
6	0.0012641866687830927	2020-07-26 04:29:40.030241	2020-07-26 04:33:29.521346	5.76676696803869	128	14	0.00624552512486927	0.01879752255622278	512														CUDA out of memory. Tried to allocate 4.74 GiB (GPU 0; 31.72 GiB total capacity; 17.69 GiB already allocated; 4.29 GiB free; 26.44 GiB reserved in total by PyTorch)									6	Setting status of trial#6 as TrialState.FAIL because the returned value from the objective function cannot be casted to float. Returned value is: None	FAIL
7		2020-07-26 04:33:29.521368	2020-07-26 04:33:38.924453	9.735809225981424	256	39	0.0715037896053785	0.03576556271705949	2048														CUDA out of memory. Tried to allocate 9.45 GiB (GPU 0; 31.72 GiB total capacity; 15.97 GiB already allocated; 7.03 GiB free; 23.71 GiB reserved in total by PyTorch)									7	Setting status of trial#7 as TrialState.FAIL because the returned value from the objective function cannot be casted to float. Returned value is: None	FAIL
8		2020-07-26 04:33:38.924469	2020-07-26 04:33:51.964996	8.058865245660447	512	28	0.05126989245311855	0.0014328584357912939	512														CUDA out of memory. Tried to allocate 18.86 GiB (GPU 0; 31.72 GiB total capacity; 18.98 GiB already allocated; 11.74 GiB free; 18.99 GiB reserved in total by PyTorch)									8	Setting status of trial#8 as TrialState.FAIL because the returned value from the objective function cannot be casted to float. Returned value is: None	FAIL
9	0.008985362645834986	2020-07-26 04:33:51.965013	2020-07-26 04:37:08.655109	1.581493902319198	128	46	0.5567047498095598	0.001021758194267151	2048														CUDA out of memory. Tried to allocate 4.74 GiB (GPU 0; 31.72 GiB total capacity; 17.69 GiB already allocated; 4.29 GiB free; 26.44 GiB reserved in total by PyTorch)									9	Setting status of trial#9 as TrialState.FAIL because the returned value from the objective function cannot be casted to float. Returned value is: None	FAIL
10	0.005714350502840168	2020-07-26 04:37:08.655129	2020-07-26 04:44:15.400151	8.172607484205173	64	48	0.060061940397448194	0.037166680416345944	1024	0.9698509814922102	0.0005668998514722389	0.005714350502840168	0.0018027415276817198	0.002959217224685087	4623.824660710439	0.0035941937711139746	0.0005668998514722389	0.005714350502840168	0.0018027415276817198	0.002959217224685087	4623.824521819975	0.0035941941574910504		1952858920.0	75.0	0.0005668998514722389	0.005714350502840168	0.0018027415276817198	0.002959217224685087	4623.824799600902	0.0035941933877523934	10		COMPLETE
11	0.006258574360253517	2020-07-26 04:44:15.402035	2020-07-26 04:46:56.772985	7.324054531225873	128	22	0.6877730531224414	0.003265260688479911	2048														CUDA out of memory. Tried to allocate 4.74 GiB (GPU 0; 31.72 GiB total capacity; 17.69 GiB already allocated; 4.29 GiB free; 26.44 GiB reserved in total by PyTorch)									11	Setting status of trial#11 as TrialState.FAIL because the returned value from the objective function cannot be casted to float. Returned value is: None	FAIL
12	0.009200784589394438	2020-07-26 04:46:56.773007	2020-07-26 04:50:37.958731	0.6042421800023208	128	42	0.094051441902461	0.0011228807835875869	1024														CUDA out of memory. Tried to allocate 4.74 GiB (GPU 0; 31.72 GiB total capacity; 17.69 GiB already allocated; 4.29 GiB free; 26.44 GiB reserved in total by PyTorch)									12	Setting status of trial#12 as TrialState.FAIL because the returned value from the objective function cannot be casted to float. Returned value is: None	FAIL
13	0.001122461705915033	2020-07-26 04:50:37.958754	2020-07-26 04:56:39.042219	2.585484208145831	128	17	0.003900381285420522	0.0015694366095444453	256														CUDA out of memory. Tried to allocate 4.74 GiB (GPU 0; 31.72 GiB total capacity; 17.69 GiB already allocated; 4.29 GiB free; 26.44 GiB reserved in total by PyTorch)									13	Setting status of trial#13 as TrialState.FAIL because the returned value from the objective function cannot be casted to float. Returned value is: None	FAIL
14	0.001224503679180036	2020-07-26 04:56:39.042241	2020-07-26 04:58:54.560453	5.301545551552951	128	4	0.00020404486818046037	0.003642065822438495	2048														CUDA out of memory. Tried to allocate 4.74 GiB (GPU 0; 31.72 GiB total capacity; 17.69 GiB already allocated; 4.29 GiB free; 26.44 GiB reserved in total by PyTorch)									14	Setting status of trial#14 as TrialState.FAIL because the returned value from the objective function cannot be casted to float. Returned value is: None	FAIL
15		2020-07-26 04:58:54.560477	2020-07-26 04:59:05.869026	8.788933449171394	256	1	0.048119397557102976	0.0774970963596962	256														CUDA out of memory. Tried to allocate 9.45 GiB (GPU 0; 31.72 GiB total capacity; 15.97 GiB already allocated; 7.01 GiB free; 23.73 GiB reserved in total by PyTorch)									15	Setting status of trial#15 as TrialState.FAIL because the returned value from the objective function cannot be casted to float. Returned value is: None	FAIL
16		2020-07-26 04:59:05.869051	2020-07-26 04:59:13.288624	8.119246345114743	512	16	0.0012416757919201785	0.004053891524213484	2048														CUDA out of memory. Tried to allocate 18.86 GiB (GPU 0; 31.72 GiB total capacity; 18.98 GiB already allocated; 11.73 GiB free; 19.00 GiB reserved in total by PyTorch)									16	Setting status of trial#16 as TrialState.FAIL because the returned value from the objective function cannot be casted to float. Returned value is: None	FAIL
17		2020-07-26 04:59:13.288641	2020-07-26 04:59:22.433477	0.6456710881451109	256	37	0.00896153963157117	0.013802815811982738	1024														CUDA out of memory. Tried to allocate 9.45 GiB (GPU 0; 31.72 GiB total capacity; 15.97 GiB already allocated; 7.03 GiB free; 23.71 GiB reserved in total by PyTorch)									17	Setting status of trial#17 as TrialState.FAIL because the returned value from the objective function cannot be casted to float. Returned value is: None	FAIL
18	0.0013435526479892062	2020-07-26 04:59:22.433495	2020-07-26 05:02:56.770088	5.407859490529174	128	38	0.011516819906683412	0.03562308472401768	1024														CUDA out of memory. Tried to allocate 4.74 GiB (GPU 0; 31.72 GiB total capacity; 17.69 GiB already allocated; 4.29 GiB free; 26.44 GiB reserved in total by PyTorch)									18	Setting status of trial#18 as TrialState.FAIL because the returned value from the objective function cannot be casted to float. Returned value is: None	FAIL
19		2020-07-26 05:02:56.770111	2020-07-26 05:03:02.127544	8.788310304492668	256	10	0.5071038673503644	0.061690203388927084	2048														CUDA out of memory. Tried to allocate 9.45 GiB (GPU 0; 31.72 GiB total capacity; 15.97 GiB already allocated; 7.03 GiB free; 23.71 GiB reserved in total by PyTorch)									19	Setting status of trial#19 as TrialState.FAIL because the returned value from the objective function cannot be casted to float. Returned value is: None	FAIL
20	0.0010884477148266987	2020-07-26 05:03:02.127561	2020-07-26 05:09:35.136386	5.028663533526734	128	45	0.005027419329553116	0.053952011666628906	256														CUDA out of memory. Tried to allocate 4.74 GiB (GPU 0; 31.72 GiB total capacity; 17.69 GiB already allocated; 4.30 GiB free; 26.43 GiB reserved in total by PyTorch)									20	Setting status of trial#20 as TrialState.FAIL because the returned value from the objective function cannot be casted to float. Returned value is: None	FAIL
21		2020-07-26 05:09:35.136408	2020-07-26 05:09:45.371856	0.6169008155110937	256	46	0.005393728065149258	0.013895790367794592	1024														CUDA out of memory. Tried to allocate 9.45 GiB (GPU 0; 31.72 GiB total capacity; 15.97 GiB already allocated; 7.03 GiB free; 23.71 GiB reserved in total by PyTorch)									21	Setting status of trial#21 as TrialState.FAIL because the returned value from the objective function cannot be casted to float. Returned value is: None	FAIL
22		2020-07-26 05:09:45.371874	2020-07-26 05:09:53.680880	5.2532721832562075	256	13	0.031840788151503936	0.0027012228798229897	512														CUDA out of memory. Tried to allocate 9.45 GiB (GPU 0; 31.72 GiB total capacity; 15.97 GiB already allocated; 7.02 GiB free; 23.71 GiB reserved in total by PyTorch)									22	Setting status of trial#22 as TrialState.FAIL because the returned value from the objective function cannot be casted to float. Returned value is: None	FAIL
23		2020-07-26 05:09:53.680898	2020-07-26 05:09:58.633453	9.644610819347347	512	5	0.04032345127977129	0.004171456501481798	2048														CUDA out of memory. Tried to allocate 18.86 GiB (GPU 0; 31.72 GiB total capacity; 18.98 GiB already allocated; 11.73 GiB free; 19.00 GiB reserved in total by PyTorch)									23	Setting status of trial#23 as TrialState.FAIL because the returned value from the objective function cannot be casted to float. Returned value is: None	FAIL
24	0.0015079536049161556	2020-07-26 05:09:58.633471	2020-07-26 05:22:53.108375	4.365110204903978	64	39	0.007566474721767837	0.0011090391503110553	256	0.9974293030962353	0.00018707695098583885	0.0015079536049161556	0.0004705268767219583	0.0007653147994875225	4748.890871778592	0.0012077855982318246	0.00018707695098583885	0.0015079536049161556	0.0004705268767219583	0.0007653147994875225	4748.89080375061	0.0012077856083539617		188828685.0	75.0	0.00018707695098583885	0.0015079536049161556	0.0004705268767219583	0.0007653147994875225	4748.890939806573	0.001207785588115679	24		COMPLETE
25		2020-07-26 05:22:53.117727	2020-07-26 05:23:02.169754	8.752635428588304	256	43	0.0003624522821638285	0.001679544826700464	2048														CUDA out of memory. Tried to allocate 9.45 GiB (GPU 0; 31.72 GiB total capacity; 15.97 GiB already allocated; 7.00 GiB free; 23.73 GiB reserved in total by PyTorch)									25	Setting status of trial#25 as TrialState.FAIL because the returned value from the objective function cannot be casted to float. Returned value is: None	FAIL
26		2020-07-26 05:23:02.169772	2020-07-26 05:23:08.717333	2.200899990768646	256	13	0.00046257307129549173	0.036800638670148066	1024														CUDA out of memory. Tried to allocate 9.45 GiB (GPU 0; 31.72 GiB total capacity; 15.97 GiB already allocated; 7.03 GiB free; 23.70 GiB reserved in total by PyTorch)									26	Setting status of trial#26 as TrialState.FAIL because the returned value from the objective function cannot be casted to float. Returned value is: None	FAIL
27		2020-07-26 05:23:08.717351	2020-07-26 05:23:21.882113	4.435375369370928	512	8	0.005443260654450493	0.004946290958974476	256														CUDA out of memory. Tried to allocate 18.86 GiB (GPU 0; 31.72 GiB total capacity; 18.98 GiB already allocated; 11.73 GiB free; 19.00 GiB reserved in total by PyTorch)									27	Setting status of trial#27 as TrialState.FAIL because the returned value from the objective function cannot be casted to float. Returned value is: None	FAIL
28		2020-07-26 05:23:21.882132	2020-07-26 05:23:39.607306	6.859178053142658	512	30	0.0007977237324069739	0.048593521438808726	256														CUDA out of memory. Tried to allocate 18.86 GiB (GPU 0; 31.72 GiB total capacity; 18.98 GiB already allocated; 11.74 GiB free; 18.99 GiB reserved in total by PyTorch)									28	Setting status of trial#28 as TrialState.FAIL because the returned value from the objective function cannot be casted to float. Returned value is: None	FAIL
29		2020-07-26 05:23:39.607322	2020-07-26 05:23:49.242293	3.954711775605968	512	21	0.1047024890547215	0.00109459564722498	1024														CUDA out of memory. Tried to allocate 18.86 GiB (GPU 0; 31.72 GiB total capacity; 18.98 GiB already allocated; 11.73 GiB free; 19.00 GiB reserved in total by PyTorch)									29	Setting status of trial#29 as TrialState.FAIL because the returned value from the objective function cannot be casted to float. Returned value is: None	FAIL
30		2020-07-26 05:23:49.242310	2020-07-26 05:23:55.311397	0.779419541559478	256	20	0.050268739020331965	0.0021761034723040695	2048														CUDA out of memory. Tried to allocate 9.45 GiB (GPU 0; 31.72 GiB total capacity; 15.97 GiB already allocated; 7.03 GiB free; 23.71 GiB reserved in total by PyTorch)									30	Setting status of trial#30 as TrialState.FAIL because the returned value from the objective function cannot be casted to float. Returned value is: None	FAIL
31		2020-07-26 05:23:55.311414	2020-07-26 05:24:04.486287	8.23053741983827	512	19	0.0007235401845403405	0.002249393438757441	1024														CUDA out of memory. Tried to allocate 18.86 GiB (GPU 0; 31.72 GiB total capacity; 18.98 GiB already allocated; 11.73 GiB free; 19.00 GiB reserved in total by PyTorch)									31	Setting status of trial#31 as TrialState.FAIL because the returned value from the objective function cannot be casted to float. Returned value is: None	FAIL
32	0.0014002426331364301	2020-07-26 05:24:04.486305	2020-07-26 05:30:21.009209	1.6424981381970898	128	34	0.0009105781868574253	0.0024481407407481864	256														CUDA out of memory. Tried to allocate 4.74 GiB (GPU 0; 31.72 GiB total capacity; 17.69 GiB already allocated; 4.29 GiB free; 26.44 GiB reserved in total by PyTorch)									32	Setting status of trial#32 as TrialState.FAIL because the returned value from the objective function cannot be casted to float. Returned value is: None	FAIL
33		2020-07-26 05:30:21.009231	2020-07-26 05:30:29.494687	6.627671606089022	512	20	0.00370026139305428	0.006965138022516468	2048														CUDA out of memory. Tried to allocate 18.86 GiB (GPU 0; 31.72 GiB total capacity; 18.98 GiB already allocated; 11.73 GiB free; 19.00 GiB reserved in total by PyTorch)									33	Setting status of trial#33 as TrialState.FAIL because the returned value from the objective function cannot be casted to float. Returned value is: None	FAIL
34		2020-07-26 05:30:29.494707	2020-07-26 05:30:35.876032	0.8197597138738169	256	13	0.002088443807285693	0.0020635251844065105	1024														CUDA out of memory. Tried to allocate 9.45 GiB (GPU 0; 31.72 GiB total capacity; 15.97 GiB already allocated; 7.03 GiB free; 23.70 GiB reserved in total by PyTorch)									34	Setting status of trial#34 as TrialState.FAIL because the returned value from the objective function cannot be casted to float. Returned value is: None	FAIL
35		2020-07-26 05:30:35.876052	2020-07-26 05:30:51.950072	6.1072987440155115	512	41	0.00019217136532360924	0.01342129136995262	512														CUDA out of memory. Tried to allocate 18.86 GiB (GPU 0; 31.72 GiB total capacity; 18.98 GiB already allocated; 11.73 GiB free; 19.00 GiB reserved in total by PyTorch)									35	Setting status of trial#35 as TrialState.FAIL because the returned value from the objective function cannot be casted to float. Returned value is: None	FAIL
36		2020-07-26 05:30:51.950088	2020-07-26 05:30:56.399905	2.7403600282187788	512	3	0.0003109799660535571	0.0630706729513292	2048														CUDA out of memory. Tried to allocate 18.86 GiB (GPU 0; 31.72 GiB total capacity; 18.98 GiB already allocated; 11.73 GiB free; 19.00 GiB reserved in total by PyTorch)									36	Setting status of trial#36 as TrialState.FAIL because the returned value from the objective function cannot be casted to float. Returned value is: None	FAIL
37	0.0012188346806653136	2020-07-26 05:30:56.399921	2020-07-26 05:33:41.487303	1.1959752737271767	128	25	0.0071409121952948915	0.0015249492848806558	2048														CUDA out of memory. Tried to allocate 4.74 GiB (GPU 0; 31.72 GiB total capacity; 17.69 GiB already allocated; 4.29 GiB free; 26.44 GiB reserved in total by PyTorch)									37	Setting status of trial#37 as TrialState.FAIL because the returned value from the objective function cannot be casted to float. Returned value is: None	FAIL
38		2020-07-26 05:33:41.487324	2020-07-26 05:33:47.539464	5.664793639619475	256	5	0.01292192382380508	0.024537478855937926	1024														CUDA out of memory. Tried to allocate 9.45 GiB (GPU 0; 31.72 GiB total capacity; 15.97 GiB already allocated; 7.03 GiB free; 23.70 GiB reserved in total by PyTorch)									38	Setting status of trial#38 as TrialState.FAIL because the returned value from the objective function cannot be casted to float. Returned value is: None	FAIL
39	0.0009240467578997495	2020-07-26 05:33:47.539481	2020-07-26 05:42:14.358884	5.807291855629381	64	33	0.00026959161704928045	0.004588271420014	512	1.0045722408030828	6.802798217666867e-05	0.0009240467578997495	0.00024376693613306272	0.0004308438871189016	4782.393762967834	0.0009558680123317076	6.802798217666867e-05	0.0009240467578997495	0.00024376693613306272	0.0004308438871189016	4782.393683601855	0.0009558686640555599		3472863811.0	75.0	6.802798217666867e-05	0.0009240467578997495	0.00024376693613306272	0.0004308438871189016	4782.393842333813	0.0009558673670612344	39		COMPLETE
40	0.0030499212009206453	2020-07-26 05:42:14.360465	2020-07-26 05:45:36.179800	6.633946043909979	128	49	0.011089365716842735	0.0016058189824782743	2048														CUDA out of memory. Tried to allocate 4.74 GiB (GPU 0; 31.72 GiB total capacity; 17.69 GiB already allocated; 4.29 GiB free; 26.44 GiB reserved in total by PyTorch)									40	Setting status of trial#40 as TrialState.FAIL because the returned value from the objective function cannot be casted to float. Returned value is: None	FAIL
41	0.008412793795848025	2020-07-26 05:45:36.179821	2020-07-26 05:48:34.906846	7.632359171648704	128	34	0.8030890234578645	0.015515909883615835	2048														CUDA out of memory. Tried to allocate 4.74 GiB (GPU 0; 31.72 GiB total capacity; 17.69 GiB already allocated; 4.29 GiB free; 26.44 GiB reserved in total by PyTorch)									41	Setting status of trial#41 as TrialState.FAIL because the returned value from the objective function cannot be casted to float. Returned value is: None	FAIL
42	0.005209809635029876	2020-07-26 05:48:34.906868	2020-07-26 05:57:51.728275	7.15386628022381	64	10	0.006530613716336144	0.0012796771370890208	2048	0.7984062510383593	0.0006292588351341852	0.005209809635029876	0.001791403530652275	0.002953548226170365	3796.619995691561	0.0034405232443521097	0.0006292588351341852	0.005209809635029876	0.001791403530652275	0.002953548226170365	3796.619910656583	0.0034405235273936314		1215448460.0	125.0	0.0006292588351341852	0.005209809635029876	0.001791403530652275	0.002953548226170365	3796.620080726539	0.003440522963256153	42		COMPLETE
43		2020-07-26 05:57:51.730212	2020-07-26 05:57:56.415369	2.9693539209295654	256	8	0.06593990222666227	0.0036264326081380566	2048														CUDA out of memory. Tried to allocate 9.45 GiB (GPU 0; 31.72 GiB total capacity; 15.97 GiB already allocated; 7.03 GiB free; 23.70 GiB reserved in total by PyTorch)									43	Setting status of trial#43 as TrialState.FAIL because the returned value from the objective function cannot be casted to float. Returned value is: None	FAIL
44	0.006309595346886019	2020-07-26 05:57:56.415386	2020-07-26 06:03:47.674337	2.7990103965891406	64	38	0.10156848601878271	0.06659588728743288	2048	0.8997291307338117	0.0007199628113697434	0.006309595346886019	0.0018991145024320004	0.003174639168244538	4286.3860786403475	0.0038739431997267676	0.0007199628113697434	0.006309595346886019	0.0018991145024320004	0.003174639168244538	4286.385945418882	0.003873943530988749		980883052.0	75.0	0.0007199628113697434	0.006309595346886019	0.0018991145024320004	0.003174639168244538	4286.386211861813	0.0038739428701311954	44		COMPLETE
45	0.001298200659871427	2020-07-26 06:03:47.676027	2020-07-26 06:12:27.415331	4.063661510499768	64	42	0.0019660351647801727	0.020977851054560258	512	0.9988385550836041	0.0002097529450447284	0.001298200659871427	0.0004988718692955702	0.0007086248143402987	4754.935733398338	0.0011874797348115822	0.0002097529450447284	0.001298200659871427	0.0004988718692955702	0.0007086248143402987	4754.935645528861	0.001187479761365119		2809923126.0	75.0	0.0002097529450447284	0.001298200659871427	0.0004988718692955702	0.0007086248143402987	4754.935821267814	0.0011874797082891697	45		COMPLETE
46		2020-07-26 06:12:27.416875	2020-07-26 06:12:37.847076	1.6243381346272376	256	48	0.017747525559990103	0.0021420649700473037	1024														CUDA out of memory. Tried to allocate 9.45 GiB (GPU 0; 31.72 GiB total capacity; 15.97 GiB already allocated; 7.03 GiB free; 23.71 GiB reserved in total by PyTorch)									46	Setting status of trial#46 as TrialState.FAIL because the returned value from the objective function cannot be casted to float. Returned value is: None	FAIL
47	0.001094116713341421	2020-07-26 06:12:37.847093	2020-07-26 06:17:15.468832	3.7904113395369565	128	49	0.00014005622354671817	0.0032261596901613384	512														CUDA out of memory. Tried to allocate 4.74 GiB (GPU 0; 31.72 GiB total capacity; 17.69 GiB already allocated; 4.30 GiB free; 26.44 GiB reserved in total by PyTorch)									47	Setting status of trial#47 as TrialState.FAIL because the returned value from the objective function cannot be casted to float. Returned value is: None	FAIL
48		2020-07-26 06:17:15.468854	2020-07-26 06:17:28.080551	6.627213037291688	512	5	0.007198994540889815	0.05779127049739723	256														CUDA out of memory. Tried to allocate 18.86 GiB (GPU 0; 31.72 GiB total capacity; 18.98 GiB already allocated; 11.73 GiB free; 19.00 GiB reserved in total by PyTorch)									48	Setting status of trial#48 as TrialState.FAIL because the returned value from the objective function cannot be casted to float. Returned value is: None	FAIL
49	0.009365185546321387	2020-07-26 06:17:28.080567	2020-07-26 06:22:41.229900	1.7672729943381356	64	13	0.706226753467911	0.05650084512299767	2048	0.6245012765006542	0.0012641866687830927	0.009365185546321387	0.003163301171215093	0.004988718692955703	2962.137184095058	0.005844272622504477	0.0012641866687830927	0.009365185546321387	0.003163301171215093	0.004988718692955703	2962.137087722083	0.0058442734746873		3602436563.0	75.0	0.0012641866687830927	0.009365185546321387	0.003163301171215093	0.004988718692955703	2962.1372804680327	0.0058442717803253936	49		COMPLETE
50		2020-07-26 06:22:41.231363	2020-07-26 06:22:57.367135	6.015391392461306	512	23	0.007853527811044607	0.010719469639510178	256														CUDA out of memory. Tried to allocate 18.86 GiB (GPU 0; 31.72 GiB total capacity; 18.98 GiB already allocated; 11.75 GiB free; 18.99 GiB reserved in total by PyTorch)									50	Setting status of trial#50 as TrialState.FAIL because the returned value from the objective function cannot be casted to float. Returned value is: None	FAIL
51	0.00728466309141827	2020-07-26 06:22:57.367152	2020-07-26 06:36:00.625002	4.603840728072752	64	44	0.04722682727993452	0.0018444439887487611	256	0.8823329188385101	0.0008730257712672479	0.00728466309141827	0.00244333835984535	0.003888932981099559	4202.781111463849	0.004447093664201513	0.0008730257712672479	0.00728466309141827	0.00244333835984535	0.003888932981099559	4202.7809612353885	0.004447093777571832		1111739368.0	75.0	0.0008730257712672479	0.00728466309141827	0.00244333835984535	0.003888932981099559	4202.781261692309	0.004447093551116505	51		COMPLETE
52		2020-07-26 06:36:00.626660	2020-07-26 06:36:10.496410	4.105828315759275	256	27	0.001343622030805932	0.008617260200223078	512														CUDA out of memory. Tried to allocate 9.45 GiB (GPU 0; 31.72 GiB total capacity; 15.97 GiB already allocated; 7.02 GiB free; 23.71 GiB reserved in total by PyTorch)									52	Setting status of trial#52 as TrialState.FAIL because the returned value from the objective function cannot be casted to float. Returned value is: None	FAIL
53	0.005368541593442103	2020-07-26 06:36:10.496426	2020-07-26 06:42:23.207137	8.20187015070783	128	32	0.07611623672696652	0.020466144195986993	256														CUDA out of memory. Tried to allocate 4.74 GiB (GPU 0; 31.72 GiB total capacity; 17.69 GiB already allocated; 4.29 GiB free; 26.44 GiB reserved in total by PyTorch)									53	Setting status of trial#53 as TrialState.FAIL because the returned value from the objective function cannot be casted to float. Returned value is: None	FAIL
54		2020-07-26 06:42:23.207157	2020-07-26 06:42:37.797162	6.400221088593344	256	30	0.0003694452352882541	0.016376399758104558	256														CUDA out of memory. Tried to allocate 9.45 GiB (GPU 0; 31.72 GiB total capacity; 15.97 GiB already allocated; 7.01 GiB free; 23.72 GiB reserved in total by PyTorch)									54	Setting status of trial#54 as TrialState.FAIL because the returned value from the objective function cannot be casted to float. Returned value is: None	FAIL
55		2020-07-26 06:42:37.797183	2020-07-26 06:42:45.735351	7.025232350580002	256	9	0.0004619522996015128	0.0010666478875168174	512														CUDA out of memory. Tried to allocate 9.45 GiB (GPU 0; 31.72 GiB total capacity; 15.97 GiB already allocated; 7.03 GiB free; 23.71 GiB reserved in total by PyTorch)									55	Setting status of trial#55 as TrialState.FAIL because the returned value from the objective function cannot be casted to float. Returned value is: None	FAIL
56	0.0013152076554155943	2020-07-26 06:42:45.735368	2020-07-26 06:51:02.479356	7.089303470688942	128	4	0.02984906043708905	0.025839278887744108	512	1.0004718654782074	0.00019841494801528363	0.0013152076554155943	0.0004421818841483464	0.0007313008083991882	4763.146611639588	0.001176392162392809	0.00019841494801528363	0.0013152076554155943	0.0004421818841483464	0.0007313008083991882	4763.146509597615	0.001176392380646794		4098104692.0	75.0	0.00019841494801528363	0.0013152076554155943	0.0004421818841483464	0.0007313008083991882	4763.146713681561	0.0011763919449581997	56		COMPLETE
57		2020-07-26 06:51:02.480869	2020-07-26 06:51:17.825739	7.614041195356137	512	46	0.00015166000493248933	0.00458423207415929	1024														CUDA out of memory. Tried to allocate 18.86 GiB (GPU 0; 31.72 GiB total capacity; 18.98 GiB already allocated; 11.73 GiB free; 19.00 GiB reserved in total by PyTorch)									57	Setting status of trial#57 as TrialState.FAIL because the returned value from the objective function cannot be casted to float. Returned value is: None	FAIL
58	0.0010714407192825316	2020-07-26 06:51:17.825760	2020-07-26 06:58:27.947898	8.72602101698633	64	50	0.0011907099098096966	0.007113622599017525	1024	1.0017883885444432	0.00014172496286805973	0.0010714407192825316	0.00034013991088334335	0.0005668998514722389	4769.259855553918	0.0010628081156045235	0.00014172496286805973	0.0010714407192825316	0.00034013991088334335	0.0005668998514722389	4769.259787525935	0.0010628081257218864		436241583.0	75.0	0.00014172496286805973	0.0010714407192825316	0.00034013991088334335	0.0005668998514722389	4769.2599235819	0.001062808105493264	58		COMPLETE
59		2020-07-26 06:58:27.949819	2020-07-26 06:58:37.690428	5.668134072980152	256	26	0.0016916383184208872	0.03511094843960191	512														CUDA out of memory. Tried to allocate 9.45 GiB (GPU 0; 31.72 GiB total capacity; 15.97 GiB already allocated; 7.02 GiB free; 23.71 GiB reserved in total by PyTorch)									59	Setting status of trial#59 as TrialState.FAIL because the returned value from the objective function cannot be casted to float. Returned value is: None	FAIL
60		2020-07-26 06:58:37.690446	2020-07-26 06:58:47.492694	9.122911320122173	256	26	0.001683588973070219	0.018408202033087753	512														CUDA out of memory. Tried to allocate 9.45 GiB (GPU 0; 31.72 GiB total capacity; 15.97 GiB already allocated; 7.02 GiB free; 23.71 GiB reserved in total by PyTorch)									60	Setting status of trial#60 as TrialState.FAIL because the returned value from the objective function cannot be casted to float. Returned value is: None	FAIL
61		2020-07-26 06:58:47.492711	2020-07-26 06:58:53.335946	2.03993860403056	512	9	0.005056663974554906	0.0017467140028208164	2048														CUDA out of memory. Tried to allocate 18.86 GiB (GPU 0; 31.72 GiB total capacity; 18.98 GiB already allocated; 11.73 GiB free; 19.00 GiB reserved in total by PyTorch)									61	Setting status of trial#61 as TrialState.FAIL because the returned value from the objective function cannot be casted to float. Returned value is: None	FAIL
62		2020-07-26 06:58:53.335965	2020-07-26 06:59:00.321117	9.703648039475215	256	18	0.10833740902960316	0.003961771933532355	1024														CUDA out of memory. Tried to allocate 9.45 GiB (GPU 0; 31.72 GiB total capacity; 15.97 GiB already allocated; 7.01 GiB free; 23.72 GiB reserved in total by PyTorch)									62	Setting status of trial#62 as TrialState.FAIL because the returned value from the objective function cannot be casted to float. Returned value is: None	FAIL
63	0.0013038696583861495	2020-07-26 06:59:00.321137	2020-07-26 07:05:10.766296	0.7300815517665344	128	29	0.012800977744600416	0.094034384944969	256														CUDA out of memory. Tried to allocate 4.74 GiB (GPU 0; 31.72 GiB total capacity; 17.69 GiB already allocated; 4.29 GiB free; 26.44 GiB reserved in total by PyTorch)									63	Setting status of trial#63 as TrialState.FAIL because the returned value from the objective function cannot be casted to float. Returned value is: None	FAIL
64		2020-07-26 07:05:10.766318	2020-07-26 07:05:17.647932	7.882197366680153	512	1	0.030404132557611676	0.01974205100727245	512														CUDA out of memory. Tried to allocate 18.86 GiB (GPU 0; 31.72 GiB total capacity; 18.98 GiB already allocated; 11.73 GiB free; 19.00 GiB reserved in total by PyTorch)									64	Setting status of trial#64 as TrialState.FAIL because the returned value from the objective function cannot be casted to float. Returned value is: None	FAIL
65		2020-07-26 07:05:17.647948	2020-07-26 07:05:29.604383	6.525113537380284	256	45	0.7609631084041936	0.023843283736661447	512														CUDA out of memory. Tried to allocate 9.45 GiB (GPU 0; 31.72 GiB total capacity; 15.97 GiB already allocated; 7.02 GiB free; 23.71 GiB reserved in total by PyTorch)									65	Setting status of trial#65 as TrialState.FAIL because the returned value from the objective function cannot be casted to float. Returned value is: None	FAIL
66	0.0011167927074003106	2020-07-26 07:05:29.604400	2020-07-26 07:08:26.837218	6.1005674630361355	128	33	0.00013908987873725476	0.035963201816228314	2048														CUDA out of memory. Tried to allocate 4.74 GiB (GPU 0; 31.72 GiB total capacity; 17.69 GiB already allocated; 4.29 GiB free; 26.44 GiB reserved in total by PyTorch)									66	Setting status of trial#66 as TrialState.FAIL because the returned value from the objective function cannot be casted to float. Returned value is: None	FAIL
67		2020-07-26 07:08:26.837239	2020-07-26 07:08:33.121792	8.057438183337831	256	8	0.002066982613750025	0.014929348353048193	1024														CUDA out of memory. Tried to allocate 9.45 GiB (GPU 0; 31.72 GiB total capacity; 15.97 GiB already allocated; 7.03 GiB free; 23.70 GiB reserved in total by PyTorch)									67	Setting status of trial#67 as TrialState.FAIL because the returned value from the objective function cannot be casted to float. Returned value is: None	FAIL
68	0.006349278336489076	2020-07-26 07:08:33.121808	2020-07-26 07:12:16.476394	7.46166899394408	128	7	0.6240266735468045	0.017545739038807694	512														CUDA out of memory. Tried to allocate 4.74 GiB (GPU 0; 31.72 GiB total capacity; 17.69 GiB already allocated; 4.29 GiB free; 26.44 GiB reserved in total by PyTorch)									68	Setting status of trial#68 as TrialState.FAIL because the returned value from the objective function cannot be casted to float. Returned value is: None	FAIL
69		2020-07-26 07:12:16.476415	2020-07-26 07:12:21.727802	7.7145241492517	256	12	0.29157070449122896	0.058676942229261494	2048														CUDA out of memory. Tried to allocate 9.45 GiB (GPU 0; 31.72 GiB total capacity; 15.97 GiB already allocated; 7.03 GiB free; 23.71 GiB reserved in total by PyTorch)									69	Setting status of trial#69 as TrialState.FAIL because the returned value from the objective function cannot be casted to float. Returned value is: None	FAIL
70	0.010113493350264742	2020-07-26 07:12:21.727818	2020-07-26 07:19:04.685429	8.606034865740094	128	50	0.17477067258806495	0.006360182671085562	256														CUDA out of memory. Tried to allocate 4.74 GiB (GPU 0; 31.72 GiB total capacity; 17.69 GiB already allocated; 4.30 GiB free; 26.44 GiB reserved in total by PyTorch)									70	Setting status of trial#70 as TrialState.FAIL because the returned value from the objective function cannot be casted to float. Returned value is: None	FAIL
71	0.001122461705915033	2020-07-26 07:19:04.685453	2020-07-26 07:22:46.030079	5.972099259281783	128	4	0.0004768697459811396	0.006743407414964304	512														CUDA out of memory. Tried to allocate 4.74 GiB (GPU 0; 31.72 GiB total capacity; 17.69 GiB already allocated; 4.29 GiB free; 26.44 GiB reserved in total by PyTorch)									71	Setting status of trial#71 as TrialState.FAIL because the returned value from the objective function cannot be casted to float. Returned value is: None	FAIL
72	0.0011394687014592002	2020-07-26 07:22:46.030099	2020-07-26 07:31:37.009613	7.944455735668235	64	48	0.00712810773948718	0.0023849823047574045	512	0.9971528394500654	0.00010204197326500301	0.0011394687014592002	0.00032313291533917615	0.0005442238574133493	4747.253222825656	0.0010543841075790225	0.00010204197326500301	0.0011394687014592002	0.00032313291533917615	0.0005442238574133493	4747.253137790678	0.001054384135318024		1189911944.0	75.0	0.00010204197326500301	0.0011394687014592002	0.00032313291533917615	0.0005442238574133493	4747.253307860633	0.0010543840798701888	72		COMPLETE
73		2020-07-26 07:31:37.011142	2020-07-26 07:31:53.397975	4.91276845434178	256	46	0.00015062049690464405	0.01370016125643665	256														CUDA out of memory. Tried to allocate 9.45 GiB (GPU 0; 31.72 GiB total capacity; 15.97 GiB already allocated; 7.02 GiB free; 23.71 GiB reserved in total by PyTorch)									73	Setting status of trial#73 as TrialState.FAIL because the returned value from the objective function cannot be casted to float. Returned value is: None	FAIL
74		2020-07-26 07:31:53.397996	2020-07-26 07:32:08.614334	0.9407473703793126	256	36	0.00021909446500590488	0.05048762734878046	256														CUDA out of memory. Tried to allocate 9.45 GiB (GPU 0; 31.72 GiB total capacity; 15.97 GiB already allocated; 6.99 GiB free; 23.74 GiB reserved in total by PyTorch)									74	Setting status of trial#74 as TrialState.FAIL because the returned value from the objective function cannot be casted to float. Returned value is: None	FAIL
75		2020-07-26 07:32:08.614353	2020-07-26 07:32:21.654007	3.794306941625751	512	28	0.24393210330855075	0.03823473420718235	512														CUDA out of memory. Tried to allocate 18.86 GiB (GPU 0; 31.72 GiB total capacity; 18.98 GiB already allocated; 11.74 GiB free; 18.99 GiB reserved in total by PyTorch)									75	Setting status of trial#75 as TrialState.FAIL because the returned value from the objective function cannot be casted to float. Returned value is: None	FAIL
76	0.007709837980022449	2020-07-26 07:32:21.654024	2020-07-26 07:44:52.610444	3.8315389286581287	64	23	0.11669476023599902	0.001292026408284411	256	0.9493948393468241	0.0008049977890905792	0.007709837980022449	0.0023696413791539587	0.004064671935055953	4525.875511627116	0.00434621777161048	0.0008049977890905792	0.007709837980022449	0.0023696413791539587	0.004064671935055953	4525.875333053663	0.004346217934126164		1535825439.0	75.0	0.0008049977890905792	0.007709837980022449	0.0023696413791539587	0.004064671935055953	4525.875690200569	0.004346217609659599	76		COMPLETE
77	0.0011904896880917018	2020-07-26 07:44:52.612113	2020-07-26 07:53:10.499746	6.6227287468312905	128	43	0.00016499273163465735	0.010866916473272413	1024	1.0016055669455823	0.00011904896880917018	0.0011904896880917018	0.0003458089093980657	0.000612251839590018	4768.396696674566	0.001080851853487105	0.00011904896880917018	0.0011904896880917018	0.0003458089093980657	0.000612251839590018	4768.396625812084	0.0010808518754355679		1311606704.0	75.0	0.00011904896880917018	0.0011904896880917018	0.0003458089093980657	0.000612251839590018	4768.396767537047	0.001080851831568789	77		COMPLETE
78	0.0015986575811517136	2020-07-26 07:53:10.501579	2020-07-26 07:56:32.692970	6.172930853197865	128	1	0.044093582684481644	0.04120321869437353	512														CUDA out of memory. Tried to allocate 4.74 GiB (GPU 0; 31.72 GiB total capacity; 17.69 GiB already allocated; 4.29 GiB free; 26.44 GiB reserved in total by PyTorch)									78	Setting status of trial#78 as TrialState.FAIL because the returned value from the objective function cannot be casted to float. Returned value is: None	FAIL
79		2020-07-26 07:56:32.692990	2020-07-26 07:56:38.511268	1.7638308898089035	256	1	0.1018558967927176	0.01122244083232282	1024														CUDA out of memory. Tried to allocate 9.45 GiB (GPU 0; 31.72 GiB total capacity; 15.97 GiB already allocated; 7.03 GiB free; 23.71 GiB reserved in total by PyTorch)									79	Setting status of trial#79 as TrialState.FAIL because the returned value from the objective function cannot be casted to float. Returned value is: None	FAIL
80		2020-07-26 07:56:38.511284	2020-07-26 07:56:48.146662	3.917970125837113	512	21	0.012216232792196236	0.030222798944877872	1024														CUDA out of memory. Tried to allocate 18.86 GiB (GPU 0; 31.72 GiB total capacity; 18.98 GiB already allocated; 11.73 GiB free; 19.00 GiB reserved in total by PyTorch)									80	Setting status of trial#80 as TrialState.FAIL because the returned value from the objective function cannot be casted to float. Returned value is: None	FAIL
81	0.00538554858898627	2020-07-26 07:56:48.146679	2020-07-26 07:59:42.385340	9.131095979057179	128	31	0.4328429881910393	0.09489115558945267	2048														CUDA out of memory. Tried to allocate 4.74 GiB (GPU 0; 31.72 GiB total capacity; 17.69 GiB already allocated; 4.29 GiB free; 26.44 GiB reserved in total by PyTorch)									81	Setting status of trial#81 as TrialState.FAIL because the returned value from the objective function cannot be casted to float. Returned value is: None	FAIL
82	0.006848150205784646	2020-07-26 07:59:42.385363	2020-07-26 08:02:35.371768	5.0411182395546925	128	9	0.04107438672515826	0.0015145726509978171	1024														CUDA out of memory. Tried to allocate 4.74 GiB (GPU 0; 31.72 GiB total capacity; 17.69 GiB already allocated; 4.29 GiB free; 26.44 GiB reserved in total by PyTorch)									82	Setting status of trial#82 as TrialState.FAIL because the returned value from the objective function cannot be casted to float. Returned value is: None	FAIL
83		2020-07-26 08:02:35.371790	2020-07-26 08:02:40.761296	6.032005921681314	256	14	0.002387396345917134	0.07152490140641603	2048														CUDA out of memory. Tried to allocate 9.45 GiB (GPU 0; 31.72 GiB total capacity; 15.97 GiB already allocated; 7.03 GiB free; 23.71 GiB reserved in total by PyTorch)									83	Setting status of trial#83 as TrialState.FAIL because the returned value from the objective function cannot be casted to float. Returned value is: None	FAIL
84		2020-07-26 08:02:40.761314	2020-07-26 08:02:47.286568	4.453896379713232	256	14	0.0002708274738988611	0.004156888898280349	1024														CUDA out of memory. Tried to allocate 9.45 GiB (GPU 0; 31.72 GiB total capacity; 15.97 GiB already allocated; 7.03 GiB free; 23.70 GiB reserved in total by PyTorch)									84	Setting status of trial#84 as TrialState.FAIL because the returned value from the objective function cannot be casted to float. Returned value is: None	FAIL
85	0.007715506978537172	2020-07-26 08:02:47.286586	2020-07-26 08:11:41.841525	7.977954776565947	64	15	0.7280119877764755	0.0019374589123709257	1024	0.8940773953868544	0.0011281307044297554	0.007715506978537172	0.00306125919795009	0.004552205807322078	4259.820700914976	0.0046847708497082105	0.0011281307044297554	0.007715506978537172	0.00306125919795009	0.004552205807322078	4259.820581866007	0.004684770932685		1096631252.0	100.0	0.0011281307044297554	0.007715506978537172	0.00306125919795009	0.004552205807322078	4259.820819963945	0.004684770766957352	85		COMPLETE
86	0.001298200659871427	2020-07-26 08:11:41.843106	2020-07-26 08:24:47.968732	0.6644084469975002	64	47	0.0009541677238880054	0.0018321913615172718	256	0.9984275587012015	0.00017573895395639407	0.001298200659871427	0.0004138368915747344	0.0006689418247372419	4753.22878093856	0.0011408137544131212	0.00017573895395639407	0.001298200659871427	0.0004138368915747344	0.0006689418247372419	4753.228710076078	0.0011408137764969445		819660759.0	75.0	0.00017573895395639407	0.001298200659871427	0.0004138368915747344	0.0006689418247372419	4753.228851801041	0.0011408137323585315	86		COMPLETE
87	0.001094116713341421	2020-07-26 08:24:47.970262	2020-07-26 08:27:23.783424	2.366783411525524	128	19	0.0004427209462859167	0.002709775243125185	2048														CUDA out of memory. Tried to allocate 4.74 GiB (GPU 0; 31.72 GiB total capacity; 17.69 GiB already allocated; 4.29 GiB free; 26.44 GiB reserved in total by PyTorch)									87	Setting status of trial#87 as TrialState.FAIL because the returned value from the objective function cannot be casted to float. Returned value is: None	FAIL
88		2020-07-26 08:27:23.783445	2020-07-26 08:27:28.722942	3.860932797794305	256	6	0.0599193500976342	0.006325744806903115	2048														CUDA out of memory. Tried to allocate 9.45 GiB (GPU 0; 31.72 GiB total capacity; 15.97 GiB already allocated; 7.03 GiB free; 23.70 GiB reserved in total by PyTorch)									88	Setting status of trial#88 as TrialState.FAIL because the returned value from the objective function cannot be casted to float. Returned value is: None	FAIL
89		2020-07-26 08:27:28.722960	2020-07-26 08:27:36.245278	3.76776206125822	256	4	0.004084669780240057	0.045208331851089044	512														CUDA out of memory. Tried to allocate 9.45 GiB (GPU 0; 31.72 GiB total capacity; 15.97 GiB already allocated; 7.03 GiB free; 23.71 GiB reserved in total by PyTorch)									89	Setting status of trial#89 as TrialState.FAIL because the returned value from the objective function cannot be casted to float. Returned value is: None	FAIL
90		2020-07-26 08:27:36.245298	2020-07-26 08:27:45.403472	5.767003470767079	512	11	0.035026257850839515	0.0010179486722797651	512														CUDA out of memory. Tried to allocate 18.86 GiB (GPU 0; 31.72 GiB total capacity; 18.98 GiB already allocated; 11.75 GiB free; 18.98 GiB reserved in total by PyTorch)									90	Setting status of trial#90 as TrialState.FAIL because the returned value from the objective function cannot be casted to float. Returned value is: None	FAIL
91		2020-07-26 08:27:45.403492	2020-07-26 08:27:54.796851	2.8291361930716183	512	20	0.03562726565579018	0.014968273486545882	1024														CUDA out of memory. Tried to allocate 18.86 GiB (GPU 0; 31.72 GiB total capacity; 18.98 GiB already allocated; 11.73 GiB free; 19.00 GiB reserved in total by PyTorch)									91	Setting status of trial#91 as TrialState.FAIL because the returned value from the objective function cannot be casted to float. Returned value is: None	FAIL
92	0.0010884477148266987	2020-07-26 08:27:54.796867	2020-07-26 08:34:04.427215	4.767304697909198	64	5	0.003292681093895867	0.014171216084873824	1024	0.9977260508352058	0.00014172496286805973	0.0010884477148266987	0.0003741539019716777	0.0005668998514722389	4749.940461343099	0.0010448769238688043	0.00014172496286805973	0.0010884477148266987	0.0003741539019716777	0.0005668998514722389	4749.940390480618	0.0010448770749963909		833159585.0	75.0	0.00014172496286805973	0.0010884477148266987	0.0003741539019716777	0.0005668998514722389	4749.940532205581	0.0010448767733059587	92		COMPLETE
93	0.007794872957743285	2020-07-26 08:34:04.428811	2020-07-26 08:38:11.438195	5.868523771488258	128	28	0.4411612415998503	0.002611345164403994	512														CUDA out of memory. Tried to allocate 4.74 GiB (GPU 0; 31.72 GiB total capacity; 17.69 GiB already allocated; 4.30 GiB free; 26.44 GiB reserved in total by PyTorch)									93	Setting status of trial#93 as TrialState.FAIL because the returned value from the objective function cannot be casted to float. Returned value is: None	FAIL
94		2020-07-26 08:38:11.438217	2020-07-26 08:38:28.241080	1.6446718652405925	256	49	0.6837359214929701	0.03901351915877271	256														CUDA out of memory. Tried to allocate 9.45 GiB (GPU 0; 31.72 GiB total capacity; 15.97 GiB already allocated; 7.02 GiB free; 23.71 GiB reserved in total by PyTorch)									94	Setting status of trial#94 as TrialState.FAIL because the returned value from the objective function cannot be casted to float. Returned value is: None	FAIL
95	0.006411637320151022	2020-07-26 08:38:28.241096	2020-07-26 08:47:17.394665	8.408394173911685	64	49	0.48138431525414216	0.017389160407587687	512	0.9860046989449105	0.0006519348291930747	0.006411637320151022	0.0020124944727264484	0.0032710121429948185	4701.991417136249	0.003833332977153623	0.0006519348291930747	0.006411637320151022	0.0020124944727264484	0.0032710121429948185	4701.991269742287	0.0038333336165250823		3117046648.0	75.0	0.0006519348291930747	0.006411637320151022	0.0020124944727264484	0.0032710121429948185	4701.99156453021	0.00383333234422756	95		COMPLETE
96	0.005119105658794317	2020-07-26 08:47:17.396311	2020-07-26 08:53:25.883174	3.467543361180132	64	11	0.09070570733821869	0.05921912441578976	1024	0.8727770967698079	0.0007766527965169674	0.005119105658794317	0.001791403530652275	0.002840168255875917	4155.708556786358	0.003296785357865411	0.0007766527965169674	0.005119105658794317	0.001791403530652275	0.002840168255875917	4155.708460413383	0.003296785403954516		1590241558.0	75.0	0.0007766527965169674	0.005119105658794317	0.001791403530652275	0.002840168255875917	4155.708653159333	0.0032967853118606974	96		COMPLETE
97		2020-07-26 08:53:25.884715	2020-07-26 08:53:35.232149	6.4752463607899005	256	49	0.00017813891252426188	0.03515720499020473	2048														CUDA out of memory. Tried to allocate 9.45 GiB (GPU 0; 31.72 GiB total capacity; 15.97 GiB already allocated; 6.99 GiB free; 23.74 GiB reserved in total by PyTorch)									97	Setting status of trial#97 as TrialState.FAIL because the returned value from the objective function cannot be casted to float. Returned value is: None	FAIL
98	0.0016383405707547706	2020-07-26 08:53:35.232167	2020-07-26 08:59:16.463157	3.481748766676008	64	33	0.009457160375093768	0.028868159118384504	2048	0.9988350848823354	0.00034013991088334335	0.0016383405707547706	0.0007483078039433554	0.0010204197326500301	4754.942530527557	0.0013835632865757304	0.00034013991088334335	0.0016383405707547706	0.0007483078039433554	0.0010204197326500301	4754.942448327079	0.0013835633006550473		1293123442.0	75.0	0.00034013991088334335	0.0016383405707547706	0.0007483078039433554	0.0010204197326500301	4754.942612728036	0.0013835632725059219	98		COMPLETE
99		2020-07-26 08:59:16.464734	2020-07-26 08:59:27.031637	9.955847026833077	256	1	0.00014750578731219526	0.001588339216026618	256														CUDA out of memory. Tried to allocate 9.45 GiB (GPU 0; 31.72 GiB total capacity; 15.97 GiB already allocated; 7.01 GiB free; 23.73 GiB reserved in total by PyTorch)									99	Setting status of trial#99 as TrialState.FAIL because the returned value from the objective function cannot be casted to float. Returned value is: None	FAIL
