number	value	datetime_start	datetime_complete	params_loss.adversarial_temperature	params_loss.margin	params_model.embedding_dim	params_model.scoring_fct_norm	params_negative_sampler.num_negs_per_pos	params_optimizer.lr	params_training.batch_size	user_attrs_avg.adjusted_mean_rank	user_attrs_avg.hits_at_1	user_attrs_avg.hits_at_10	user_attrs_avg.hits_at_3	user_attrs_avg.hits_at_5	user_attrs_avg.mean_rank	user_attrs_avg.mean_reciprocal_rank	user_attrs_best.hits_at_1	user_attrs_best.hits_at_10	user_attrs_best.hits_at_3	user_attrs_best.hits_at_5	user_attrs_best.mean_rank	user_attrs_best.mean_reciprocal_rank	user_attrs_failure	user_attrs_random_seed	user_attrs_stopped_epoch	user_attrs_worst.hits_at_1	user_attrs_worst.hits_at_10	user_attrs_worst.hits_at_3	user_attrs_worst.hits_at_5	user_attrs_worst.mean_rank	user_attrs_worst.mean_reciprocal_rank	system_attrs__number	system_attrs_fail_reason	state
0	0.004865771812080537	2020-07-16 18:51:17.346087	2020-07-16 19:18:45.234472	0.5267139741820271	3.910708616354735	128	2	8	0.024563729518833104	128	0.6154758217412117	0.0004254554170661553	0.004865771812080537	0.001450143815915628	0.0024268935762224355	2920.9472734899327	0.004003818285422176	0.0004254554170661553	0.004865771812080537	0.001450143815915628	0.0024268935762224355	2920.9445529721957	0.004003868047434696		38976874.0	150.0	0.0004254554170661553	0.004865771812080537	0.001450143815915628	0.0024268935762224355	2920.9499940076703	0.004003770146553714	0		COMPLETE
1	0.0019594918504314478	2020-07-16 19:18:45.236095	2020-07-16 19:32:41.247272	0.49662319457909054	29.248563676968942	128	1	2	0.05459726369314091	256	0.9591456900130504	0.0001797698945349952	0.0019594918504314478	0.0005992329817833174	0.0010127037392138063	4573.132649209012	0.001509939952410751	0.0001797698945349952	0.0019594918504314478	0.0005992329817833174	0.0010127037392138063	4573.127277085331	0.0015099418847543328		1463060584.0	150.0	0.0001797698945349952	0.0019594918504314478	0.0005992329817833174	0.0010127037392138063	4573.138021332694	0.0015099380302439516	1		COMPLETE
2	0.004080776605944391	2020-07-16 19:32:41.249268	2020-07-16 19:55:57.563404	0.8984743311469598	6.152266568533856	128	2	3	0.008096960755125423	128	0.9390204105020127	0.0003655321188878236	0.004080776605944391	0.001240412272291467	0.002145254074784276	4478.468111816875	0.002894364538279634	0.00037152444870565675	0.004098753595397891	0.001240412272291467	0.002145254074784276	4478.458191514861	0.00289758662062629		3046837167.0	150.0	0.0003655321188878236	0.004080776605944391	0.001240412272291467	0.002145254074784276	4478.478032118888	0.002892387436499052	2		COMPLETE
3	0.003901006711409396	2020-07-16 19:55:57.565011	2020-07-16 20:36:37.603432	0.9090003744308501	27.102790432494402	128	2	10	0.031080076553488437	128	0.9809203204006757	0.00032358581016299137	0.003901006711409396	0.0009947267497603068	0.0017557526366251198	4680.398879434324	0.0027881058662072846	0.00032358581016299137	0.003942953020134228	0.0009947267497603068	0.0017557526366251198	4680.341502876318	0.0027919224263650445		1040473335.0	200.0	0.00032358581016299137	0.0038950143815915626	0.0009947267497603068	0.0017557526366251198	4680.45625599233	0.0027847407139781665	3		COMPLETE
4	0.004164669223394056	2020-07-16 20:36:37.604984	2020-07-16 21:03:52.175313	0.6718162994443592	16.403430003945466	64	2	9	0.006484693413448985	128	0.9930873297716729	0.0005033557046979866	0.004164669223394056	0.0012823585810162992	0.002139261744966443	4738.966062440077	0.0029716995344914485	0.0005093480345158197	0.00423058485139022	0.0013422818791946308	0.002181208053691275	4738.921913950144	0.002988141154103819		3909300915.0	150.0	0.0005033557046979866	0.004158676893576223	0.0012823585810162992	0.0021272770853307766	4739.01021093001	0.002959109198238395	4		COMPLETE
5	0.008676893576222436	2020-07-16 21:03:52.176784	2020-07-16 21:43:37.643958	0.7644396240114949	16.353698578609542	128	1	9	0.001573573222499389	128	0.9378255541482764	0.003211888782358581	0.008676893576222436	0.0047459252157238735	0.006046260786193672	4474.64144894535	0.0061878390115465325	0.003211888782358581	0.008676893576222436	0.0047459252157238735	0.006046260786193672	4474.639201821668	0.00618783964336793		2295320295.0	200.0	0.003211888782358581	0.008676893576222436	0.0047459252157238735	0.006046260786193672	4474.643696069032	0.0061878383815700475	5		COMPLETE
6	0.006459731543624161	2020-07-16 21:43:37.645559	2020-07-16 21:54:11.311506	0.31114985568477194	6.560909399955419	128	1	2	0.014839431127708552	512	0.9411196748443307	0.00300215723873442	0.006459731543624161	0.0037571907957813996	0.004500239693192713	4488.883560043145	0.005383549293536566	0.00300215723873442	0.006459731543624161	0.0037571907957813996	0.004500239693192713	4488.881339884947	0.005383553377206717		2539351863.0	150.0	0.00300215723873442	0.006459731543624161	0.0037571907957813996	0.004500239693192713	4488.885780201343	0.005383545339766653	6		COMPLETE
7	0.0011265580057526366	2020-07-16 21:54:11.314366	2020-07-16 22:10:34.942547	0.7839150318247525	18.0755886219203	128	2	5	0.07791244766884986	256	0.6612695774869244	5.992329817833173e-05	0.0011265580057526366	0.00032957813998082453	0.0006951102588686482	3141.27153942953	0.0017333716509875291	5.992329817833173e-05	0.0011265580057526366	0.00032957813998082453	0.0006951102588686482	3141.2187380153405	0.0017335552890572704		1942676138.0	150.0	5.992329817833173e-05	0.0011265580057526366	0.00032957813998082453	0.0006951102588686482	3141.32434084372	0.0017331945045545743	7		COMPLETE
8	0.0037871524448705655	2020-07-16 22:10:34.944533	2020-07-16 22:26:36.057873	0.6933830294206902	21.4992545997013	128	1	8	0.06569530114256916	256	0.9381697472208517	0.0004853787152444871	0.0037871524448705655	0.0012643815915627996	0.0020553691275167784	4472.561052852349	0.0025939434389468433	0.0004853787152444871	0.0037871524448705655	0.0012643815915627996	0.0020553691275167784	4472.557837967402	0.002593950892996279		2300476149.0	150.0	0.0004853787152444871	0.0037871524448705655	0.0012643815915627996	0.0020553691275167784	4472.564267737296	0.002593936254354981	8		COMPLETE
9	0.003169942473633749	2020-07-16 22:26:36.059516	2020-07-16 22:53:25.516101	0.21259305990650296	26.866722882621858	128	1	8	0.08974785896100956	128	0.9293834814882445	0.00044343240651965486	0.003169942473633749	0.0010486577181208054	0.0017078139980824544	4428.59163171141	0.0021580097907810637	0.00044343240651965486	0.003169942473633749	0.0010486577181208054	0.0017078139980824544	4428.580387104506	0.0021580130422412256		739269164.0	150.0	0.00044343240651965486	0.003169942473633749	0.0010486577181208054	0.0017078139980824544	4428.602876318312	0.0021580065536397526	9		COMPLETE
10	0.002894295302013423	2020-07-16 22:53:25.517669	2020-07-16 23:09:10.577405	0.48612407191291707	25.436277539576846	64	1	4	0.037964463162218076	256	0.6852435403144466	0.00031160115052732503	0.002894295302013423	0.0008748801534036434	0.001414189837008629	3256.125886864813	0.002834596455169991	0.00031160115052732503	0.002894295302013423	0.0008748801534036434	0.001414189837008629	3256.123453978907	0.0028346002726448664		674757790.0	150.0	0.00031160115052732503	0.002894295302013423	0.0008748801534036434	0.001414189837008629	3256.128319750719	0.0028345926688620204	10		COMPLETE
11	0.00600431447746884	2020-07-16 23:09:10.579245	2020-07-16 23:25:00.560337	0.9874252078259999	12.967474418528568	64	1	5	0.01686698700153089	256	0.9452852143350766	0.0029542186001917546	0.00600431447746884	0.003553451581975072	0.0041826462128475555	4508.799316874401	0.005148927394868118	0.0029542186001917546	0.00600431447746884	0.003553451581975072	0.0041826462128475555	4508.797537152444	0.005148929213147234		512098182.0	150.0	0.0029542186001917546	0.00600431447746884	0.003553451581975072	0.0041826462128475555	4508.801096596357	0.0051489255945398535	11		COMPLETE
12	0.004931687440076702	2020-07-16 23:25:00.562201	2020-07-16 23:35:39.844193	0.2731805991853202	29.89795228118804	64	2	5	0.060850245203221416	512	0.993779598780341	0.0005273250239693193	0.004931687440076702	0.0016059443911792906	0.0026426174496644297	4742.492162032599	0.003318525843144225	0.0005572866730584852	0.0050215723873441994	0.0016718600191754553	0.002732502396931927	4742.432478427612	0.0033479573357842666		695342608.0	150.0	0.0005273250239693193	0.004925695110258869	0.0016059443911792906	0.0026366251198465963	4742.551845637584	0.003297535674444428	12		COMPLETE
13	0.002169223394055609	2020-07-16 23:35:39.845870	2020-07-17 00:02:19.182990	0.16397013105887298	20.353331771687724	64	1	9	0.05989294365996834	128	0.8227572989755938	0.00019774688398849474	0.002169223394055609	0.0005453020134228187	0.0009288111217641419	3916.2982112895493	0.0019026811495964917	0.00019774688398849474	0.002169223394055609	0.0005453020134228187	0.0009288111217641419	3916.2943312559923	0.0019026820922119316		3504809170.0	150.0	0.00019774688398849474	0.002169223394055609	0.0005453020134228187	0.0009288111217641419	3916.302091323106	0.0019026802089399948	13		COMPLETE
14	0.0009587727708533077	2020-07-17 00:02:19.184522	2020-07-17 00:25:30.564837	0.2541862190465593	25.476104977789333	128	2	5	0.09870220185783513	128	1.005627078728147	5.992329817833173e-05	0.0009587727708533077	0.00016179290508149568	0.0003355704697986577	4798.550152804411	0.0011772118643551433	5.992329817833173e-05	0.0009587727708533077	0.00016179290508149568	0.0003355704697986577	4798.4814956855225	0.001177277996244623		1088859240.0	150.0	5.992329817833173e-05	0.0009587727708533077	0.00016179290508149568	0.0003355704697986577	4798.618809923299	0.0011771479109366886	14		COMPLETE
15	0.004188638542665388	2020-07-17 00:25:30.566769	2020-07-17 00:41:37.957608	0.2861938653124292	27.324306283997892	64	2	5	0.05504056017762059	256	1.0082561556614686	0.0004254554170661553	0.004188638542665388	0.0012523969319271334	0.002139261744966443	4811.552064357622	0.0029820130241968164	0.0004254554170661553	0.0041946308724832215	0.0012583892617449664	0.002139261744966443	4811.492329817833	0.002985696910422693		4114051847.0	150.0	0.0004254554170661553	0.004188638542665388	0.0012523969319271334	0.002139261744966443	4811.611798897411	0.0029785675352670456	15		COMPLETE
16	0.0040448226270373925	2020-07-17 00:41:37.959151	2020-07-17 00:52:17.266490	0.7544139717252427	19.006892133534105	64	2	6	0.03115677387372371	512	0.7924429245822842	0.0004074784276126558	0.0040448226270373925	0.0012164429530201343	0.0019654841802492808	3773.1318851869605	0.0029455820944995475	0.00043144774688398847	0.004140699904122723	0.0012643815915627996	0.0020194151486097795	3773.0682106903164	0.0029709092858138456		759796518.0	150.0	0.0004074784276126558	0.004032837967401726	0.0012164429530201343	0.0019594918504314478	3773.195559683605	0.002928303352810688	16		COMPLETE
17	0.002522770853307766	2020-07-17 00:52:17.268334	2020-07-17 01:08:39.931843	0.5603656400138237	11.007020184513435	64	2	10	0.0986434542854187	256	0.9431089595742008	0.00026366251198465965	0.002522770853307766	0.0007370565675934804	0.0012643815915627996	4498.314462488015	0.0023416463351917153	0.00026366251198465965	0.002522770853307766	0.0007370565675934804	0.0012643815915627996	4498.305255273251	0.0023417965820868216		862144313.0	150.0	0.00026366251198465965	0.002522770853307766	0.0007370565675934804	0.0012643815915627996	4498.3236697027805	0.0023415007684763306	17		COMPLETE
18	0.0027864333652924257	2020-07-17 01:08:39.933860	2020-07-17 01:36:08.642486	0.7937022057582279	23.988149034162397	128	2	7	0.038290415089927504	128	0.6233147306033926	0.0002037392138063279	0.0027864333652924257	0.0009228187919463087	0.0014920901246404602	2958.797707933845	0.003356096258556949	0.0002037392138063279	0.0027864333652924257	0.0009228187919463087	0.0014920901246404602	2958.746224832215	0.003356834686600377		501540816.0	150.0	0.0002037392138063279	0.0027864333652924257	0.0009228187919463087	0.0014920901246404602	2958.8491910354746	0.00335536876290843	18		COMPLETE
19	0.005896452540747843	2020-07-17 01:36:08.644170	2020-07-17 01:52:12.191732	0.6814281525546657	16.381500995253194	128	1	7	0.06740476303856299	256	0.8515844361280074	0.0028163950143815916	0.005896452540747843	0.0035294822627037394	0.00424856184084372	4056.066787511985	0.0049152606210090665	0.0028163950143815916	0.005896452540747843	0.0035294822627037394	0.00424856184084372	4056.055285234899	0.004915263908975891		658812294.0	150.0	0.0028163950143815916	0.005896452540747843	0.0035294822627037394	0.00424856184084372	4056.07828978907	0.0049152573427876925	19		COMPLETE
20	0.0050335570469798654	2020-07-17 01:52:12.193231	2020-07-17 02:19:40.807743	0.427415710745471	1.0355126719902727	128	2	10	0.004180893963355931	128	0.9897933543711824	0.001072627037392138	0.0050335570469798654	0.00200143815915628	0.002858341323106424	4723.450212727708	0.003560125751462885	0.001072627037392138	0.0050335570469798654	0.00200143815915628	0.002858341323106424	4723.448723633749	0.0035601301798333443		202135828.0	150.0	0.001072627037392138	0.0050335570469798654	0.00200143815915628	0.002858341323106424	4723.451701821668	0.0035601214148089128	20		COMPLETE
21	0.007052972195589645	2020-07-17 02:19:40.809200	2020-07-17 02:30:21.285774	0.5761513919926506	8.449533976640884	128	1	8	0.023901662297460213	512	0.8846125748315546	0.00300215723873442	0.007052972195589645	0.003924976030680729	0.004829817833173538	4217.134003475551	0.0056404926759955005	0.00300215723873442	0.007052972195589645	0.003924976030680729	0.004829817833173538	4217.127456855225	0.005640494797888649		2080006624.0	150.0	0.00300215723873442	0.007052972195589645	0.003924976030680729	0.004829817833173538	4217.140550095877	0.005640490568737289	21		COMPLETE
22	0.002750479386385427	2020-07-17 02:30:21.287342	2020-07-17 02:35:20.124118	0.9989727508274656	17.740936777538572	64	2	5	0.06851052251054701	512														CUDA out of memory. Tried to allocate 5.73 GiB (GPU 0; 31.72 GiB total capacity; 20.85 GiB already allocated; 5.19 GiB free; 25.60 GiB reserved in total by PyTorch)									22	Setting status of trial#22 as TrialState.FAIL because the returned value from the objective function cannot be casted to float. Returned value is: None	FAIL
23		2020-07-17 02:35:20.124138	2020-07-17 02:35:35.482882	0.36719225399357236	9.345840624993702	128	1	8	0.002592367237892381	128														CUDA out of memory. Tried to allocate 5.73 GiB (GPU 0; 31.72 GiB total capacity; 21.22 GiB already allocated; 5.19 GiB free; 25.60 GiB reserved in total by PyTorch)									23	Setting status of trial#23 as TrialState.FAIL because the returned value from the objective function cannot be casted to float. Returned value is: None	FAIL
24		2020-07-17 02:35:35.482897	2020-07-17 02:35:51.044697	0.9498186526300062	21.008391349122743	128	2	9	0.022859661883717415	128														CUDA out of memory. Tried to allocate 5.73 GiB (GPU 0; 31.72 GiB total capacity; 21.58 GiB already allocated; 5.19 GiB free; 25.60 GiB reserved in total by PyTorch)									24	Setting status of trial#24 as TrialState.FAIL because the returned value from the objective function cannot be casted to float. Returned value is: None	FAIL
25		2020-07-17 02:35:51.044713	2020-07-17 02:35:56.901926	0.4702380583561775	6.008008371526949	128	2	8	0.048708015888219096	512														CUDA out of memory. Tried to allocate 5.73 GiB (GPU 0; 31.72 GiB total capacity; 21.94 GiB already allocated; 5.19 GiB free; 25.60 GiB reserved in total by PyTorch)									25	Setting status of trial#25 as TrialState.FAIL because the returned value from the objective function cannot be casted to float. Returned value is: None	FAIL
26		2020-07-17 02:35:56.901942	2020-07-17 02:36:05.891452	0.10034877429385972	15.52212707201409	128	1	10	0.03453371146160176	256														CUDA out of memory. Tried to allocate 5.73 GiB (GPU 0; 31.72 GiB total capacity; 22.29 GiB already allocated; 5.19 GiB free; 25.60 GiB reserved in total by PyTorch)									26	Setting status of trial#26 as TrialState.FAIL because the returned value from the objective function cannot be casted to float. Returned value is: None	FAIL
27		2020-07-17 02:36:05.891467	2020-07-17 02:36:11.640428	0.6588213201406653	23.13033066430605	64	2	10	0.04803009189731523	512														CUDA out of memory. Tried to allocate 5.73 GiB (GPU 0; 31.72 GiB total capacity; 22.64 GiB already allocated; 5.19 GiB free; 25.60 GiB reserved in total by PyTorch)									27	Setting status of trial#27 as TrialState.FAIL because the returned value from the objective function cannot be casted to float. Returned value is: None	FAIL
28		2020-07-17 02:36:11.640443	2020-07-17 02:36:17.584454	0.3604038043949841	29.534127230984208	128	2	9	0.02204348689493166	512														CUDA out of memory. Tried to allocate 5.73 GiB (GPU 0; 31.72 GiB total capacity; 23.01 GiB already allocated; 5.19 GiB free; 25.60 GiB reserved in total by PyTorch)									28	Setting status of trial#28 as TrialState.FAIL because the returned value from the objective function cannot be casted to float. Returned value is: None	FAIL
29		2020-07-17 02:36:17.584468	2020-07-17 02:36:32.998880	0.9315309751608466	5.10857648256186	64	2	7	0.020493361633488503	128														CUDA out of memory. Tried to allocate 5.73 GiB (GPU 0; 31.72 GiB total capacity; 23.36 GiB already allocated; 4.01 GiB free; 26.78 GiB reserved in total by PyTorch)									29	Setting status of trial#29 as TrialState.FAIL because the returned value from the objective function cannot be casted to float. Returned value is: None	FAIL
30		2020-07-17 02:36:32.998895	2020-07-17 02:36:40.970386	0.6908378072514053	18.17949032187546	128	2	2	0.00509181300738183	256														CUDA out of memory. Tried to allocate 5.73 GiB (GPU 0; 31.72 GiB total capacity; 23.73 GiB already allocated; 4.01 GiB free; 26.78 GiB reserved in total by PyTorch)									30	Setting status of trial#30 as TrialState.FAIL because the returned value from the objective function cannot be casted to float. Returned value is: None	FAIL
31		2020-07-17 02:36:40.970405	2020-07-17 02:36:50.067529	0.39717677634153126	16.708380318436937	128	1	7	0.06288910532644479	256														CUDA out of memory. Tried to allocate 5.73 GiB (GPU 0; 31.72 GiB total capacity; 24.08 GiB already allocated; 4.01 GiB free; 26.78 GiB reserved in total by PyTorch)									31	Setting status of trial#31 as TrialState.FAIL because the returned value from the objective function cannot be casted to float. Returned value is: None	FAIL
32		2020-07-17 02:36:50.067544	2020-07-17 02:36:55.701683	0.46391440584333166	17.52901460895903	64	1	3	0.00842035498259549	512														CUDA out of memory. Tried to allocate 5.73 GiB (GPU 0; 31.72 GiB total capacity; 24.43 GiB already allocated; 2.84 GiB free; 27.96 GiB reserved in total by PyTorch)									32	Setting status of trial#32 as TrialState.FAIL because the returned value from the objective function cannot be casted to float. Returned value is: None	FAIL
33		2020-07-17 02:36:55.701698	2020-07-17 02:37:08.690386	0.38922788670727504	14.454021519217921	128	1	2	0.04340906593327161	128														CUDA out of memory. Tried to allocate 5.73 GiB (GPU 0; 31.72 GiB total capacity; 24.80 GiB already allocated; 2.84 GiB free; 27.96 GiB reserved in total by PyTorch)									33	Setting status of trial#33 as TrialState.FAIL because the returned value from the objective function cannot be casted to float. Returned value is: None	FAIL
34		2020-07-17 02:37:08.690401	2020-07-17 02:37:16.531414	0.41778668031720034	18.39085399500201	128	1	2	0.0409107688393845	256														CUDA out of memory. Tried to allocate 5.73 GiB (GPU 0; 31.72 GiB total capacity; 25.16 GiB already allocated; 2.84 GiB free; 27.96 GiB reserved in total by PyTorch)									34	Setting status of trial#34 as TrialState.FAIL because the returned value from the objective function cannot be casted to float. Returned value is: None	FAIL
35		2020-07-17 02:37:16.531429	2020-07-17 02:37:24.096403	0.7293046605115886	18.54914513741474	64	1	3	0.014513150937113913	256														CUDA out of memory. Tried to allocate 5.73 GiB (GPU 0; 31.72 GiB total capacity; 25.51 GiB already allocated; 1.66 GiB free; 29.13 GiB reserved in total by PyTorch)									35	Setting status of trial#35 as TrialState.FAIL because the returned value from the objective function cannot be casted to float. Returned value is: None	FAIL
36		2020-07-17 02:37:24.096417	2020-07-17 02:37:33.032785	0.9940486643722178	21.145303164557358	64	1	10	0.0297703717864214	256														CUDA out of memory. Tried to allocate 5.73 GiB (GPU 0; 31.72 GiB total capacity; 25.87 GiB already allocated; 1.66 GiB free; 29.13 GiB reserved in total by PyTorch)									36	Setting status of trial#36 as TrialState.FAIL because the returned value from the objective function cannot be casted to float. Returned value is: None	FAIL
37		2020-07-17 02:37:33.032800	2020-07-17 02:37:45.966979	0.52686822297963	7.157207766487273	128	1	2	0.08811266130816563	128														CUDA out of memory. Tried to allocate 2.35 GiB (GPU 0; 31.72 GiB total capacity; 25.14 GiB already allocated; 1.66 GiB free; 29.13 GiB reserved in total by PyTorch)									37	Setting status of trial#37 as TrialState.FAIL because the returned value from the objective function cannot be casted to float. Returned value is: None	FAIL
38		2020-07-17 02:37:45.966995	2020-07-17 02:37:59.019712	0.5136486331957333	29.780367291393148	64	2	1	0.005405481978303648	128														CUDA out of memory. Tried to allocate 5.73 GiB (GPU 0; 31.72 GiB total capacity; 26.22 GiB already allocated; 1.66 GiB free; 29.13 GiB reserved in total by PyTorch)									38	Setting status of trial#38 as TrialState.FAIL because the returned value from the objective function cannot be casted to float. Returned value is: None	FAIL
39		2020-07-17 02:37:59.019727	2020-07-17 02:38:07.936137	0.6771425824521048	12.326364831264407	64	1	10	0.08374655504999456	256														CUDA out of memory. Tried to allocate 5.73 GiB (GPU 0; 31.72 GiB total capacity; 26.58 GiB already allocated; 491.88 MiB free; 30.31 GiB reserved in total by PyTorch)									39	Setting status of trial#39 as TrialState.FAIL because the returned value from the objective function cannot be casted to float. Returned value is: None	FAIL
40		2020-07-17 02:38:07.936155	2020-07-17 02:38:23.573441	0.19939160107995946	19.47528108617405	128	2	8	0.09055839796989426	128														CUDA out of memory. Tried to allocate 2.35 GiB (GPU 0; 31.72 GiB total capacity; 25.86 GiB already allocated; 491.88 MiB free; 30.31 GiB reserved in total by PyTorch)									40	Setting status of trial#40 as TrialState.FAIL because the returned value from the objective function cannot be casted to float. Returned value is: None	FAIL
41		2020-07-17 02:38:23.573456	2020-07-17 02:38:32.792427	0.4601738439398515	7.949055353028522	128	1	10	0.09033042557318548	256														CUDA out of memory. Tried to allocate 2.35 GiB (GPU 0; 31.72 GiB total capacity; 25.86 GiB already allocated; 491.88 MiB free; 30.31 GiB reserved in total by PyTorch)									41	Setting status of trial#41 as TrialState.FAIL because the returned value from the objective function cannot be casted to float. Returned value is: None	FAIL
42		2020-07-17 02:38:32.792444	2020-07-17 02:38:41.953902	0.7965984467986703	17.151883639119593	64	2	9	0.04991879606159637	256														CUDA out of memory. Tried to allocate 5.73 GiB (GPU 0; 31.72 GiB total capacity; 26.94 GiB already allocated; 491.88 MiB free; 30.31 GiB reserved in total by PyTorch)									42	Setting status of trial#42 as TrialState.FAIL because the returned value from the objective function cannot be casted to float. Returned value is: None	FAIL
43		2020-07-17 02:38:41.953917	2020-07-17 02:38:57.581638	0.26531658048227347	15.377901008157659	128	2	10	0.010560752195829724	128														CUDA out of memory. Tried to allocate 2.35 GiB (GPU 0; 31.72 GiB total capacity; 26.22 GiB already allocated; 491.88 MiB free; 30.31 GiB reserved in total by PyTorch)									43	Setting status of trial#43 as TrialState.FAIL because the returned value from the objective function cannot be casted to float. Returned value is: None	FAIL
44		2020-07-17 02:38:57.581653	2020-07-17 02:39:03.290724	0.3394928348975886	2.576040626473996	64	1	2	0.026283820878018897	512														CUDA out of memory. Tried to allocate 5.73 GiB (GPU 0; 31.72 GiB total capacity; 27.30 GiB already allocated; 491.88 MiB free; 30.31 GiB reserved in total by PyTorch)									44	Setting status of trial#44 as TrialState.FAIL because the returned value from the objective function cannot be casted to float. Returned value is: None	FAIL
45		2020-07-17 02:39:03.290739	2020-07-17 02:39:12.372934	0.5116237632265789	2.52730359390287	128	1	9	0.028048983343721974	256														CUDA out of memory. Tried to allocate 2.35 GiB (GPU 0; 31.72 GiB total capacity; 26.57 GiB already allocated; 491.88 MiB free; 30.31 GiB reserved in total by PyTorch)									45	Setting status of trial#45 as TrialState.FAIL because the returned value from the objective function cannot be casted to float. Returned value is: None	FAIL
46		2020-07-17 02:39:12.372950	2020-07-17 02:39:27.907896	0.9855793107101747	10.26936481537431	64	2	8	0.02353544133297187	128														CUDA out of memory. Tried to allocate 5.73 GiB (GPU 0; 31.72 GiB total capacity; 27.66 GiB already allocated; 491.88 MiB free; 30.31 GiB reserved in total by PyTorch)									46	Setting status of trial#46 as TrialState.FAIL because the returned value from the objective function cannot be casted to float. Returned value is: None	FAIL
47		2020-07-17 02:39:27.907912	2020-07-17 02:39:33.779240	0.6710391987800021	13.313059017332082	128	1	10	0.006451647410937784	512														CUDA out of memory. Tried to allocate 2.35 GiB (GPU 0; 31.72 GiB total capacity; 26.93 GiB already allocated; 491.88 MiB free; 30.31 GiB reserved in total by PyTorch)									47	Setting status of trial#47 as TrialState.FAIL because the returned value from the objective function cannot be casted to float. Returned value is: None	FAIL
48		2020-07-17 02:39:33.779255	2020-07-17 02:39:39.689734	0.5363941338620736	15.65978946471482	64	2	9	0.0024525097127966254	512														CUDA out of memory. Tried to allocate 5.73 GiB (GPU 0; 31.72 GiB total capacity; 28.01 GiB already allocated; 491.88 MiB free; 30.31 GiB reserved in total by PyTorch)									48	Setting status of trial#48 as TrialState.FAIL because the returned value from the objective function cannot be casted to float. Returned value is: None	FAIL
49		2020-07-17 02:39:39.689754	2020-07-17 02:39:52.494502	0.663716442102062	26.582533535112592	64	1	3	0.009807553327248048	128														CUDA out of memory. Tried to allocate 1.18 GiB (GPU 0; 31.72 GiB total capacity; 27.28 GiB already allocated; 491.88 MiB free; 30.31 GiB reserved in total by PyTorch)									49	Setting status of trial#49 as TrialState.FAIL because the returned value from the objective function cannot be casted to float. Returned value is: None	FAIL
50		2020-07-17 02:39:52.494517	2020-07-17 02:40:01.470613	0.8225949935180035	6.674392308088082	64	1	5	0.06577729990732516	256														CUDA out of memory. Tried to allocate 1.18 GiB (GPU 0; 31.72 GiB total capacity; 27.28 GiB already allocated; 491.88 MiB free; 30.31 GiB reserved in total by PyTorch)									50	Setting status of trial#50 as TrialState.FAIL because the returned value from the objective function cannot be casted to float. Returned value is: None	FAIL
51		2020-07-17 02:40:01.470628	2020-07-17 02:40:14.510909	0.6286181628883841	17.194729892788363	128	1	6	0.021570177871646567	128														CUDA out of memory. Tried to allocate 2.35 GiB (GPU 0; 31.72 GiB total capacity; 27.29 GiB already allocated; 491.88 MiB free; 30.31 GiB reserved in total by PyTorch)									51	Setting status of trial#51 as TrialState.FAIL because the returned value from the objective function cannot be casted to float. Returned value is: None	FAIL
52		2020-07-17 02:40:14.510925	2020-07-17 02:40:20.470670	0.3454223351344824	23.08737310785293	128	2	4	0.07538641059016815	512														CUDA out of memory. Tried to allocate 2.35 GiB (GPU 0; 31.72 GiB total capacity; 27.29 GiB already allocated; 491.88 MiB free; 30.31 GiB reserved in total by PyTorch)									52	Setting status of trial#52 as TrialState.FAIL because the returned value from the objective function cannot be casted to float. Returned value is: None	FAIL
53		2020-07-17 02:40:20.470685	2020-07-17 02:40:26.428536	0.6364856143139311	14.794905791326839	128	2	4	0.016073990756462996	512														CUDA out of memory. Tried to allocate 2.35 GiB (GPU 0; 31.72 GiB total capacity; 27.29 GiB already allocated; 491.88 MiB free; 30.31 GiB reserved in total by PyTorch)									53	Setting status of trial#53 as TrialState.FAIL because the returned value from the objective function cannot be casted to float. Returned value is: None	FAIL
54		2020-07-17 02:40:26.428551	2020-07-17 02:40:32.413709	0.1475206759236644	7.985711211486061	128	2	6	0.048819813676905965	512														CUDA out of memory. Tried to allocate 2.35 GiB (GPU 0; 31.72 GiB total capacity; 27.29 GiB already allocated; 491.88 MiB free; 30.31 GiB reserved in total by PyTorch)									54	Setting status of trial#54 as TrialState.FAIL because the returned value from the objective function cannot be casted to float. Returned value is: None	FAIL
55		2020-07-17 02:40:32.413724	2020-07-17 02:40:38.258568	0.3061603511209833	4.160244418133658	64	2	4	0.0013789264376769849	512														CUDA out of memory. Tried to allocate 1.18 GiB (GPU 0; 31.72 GiB total capacity; 27.28 GiB already allocated; 491.88 MiB free; 30.31 GiB reserved in total by PyTorch)									55	Setting status of trial#55 as TrialState.FAIL because the returned value from the objective function cannot be casted to float. Returned value is: None	FAIL
56		2020-07-17 02:40:38.258582	2020-07-17 02:40:53.923778	0.663264443605661	21.990699024154743	64	2	10	0.0684194833782112	128														CUDA out of memory. Tried to allocate 1.18 GiB (GPU 0; 31.72 GiB total capacity; 27.28 GiB already allocated; 491.88 MiB free; 30.31 GiB reserved in total by PyTorch)									56	Setting status of trial#56 as TrialState.FAIL because the returned value from the objective function cannot be casted to float. Returned value is: None	FAIL
57		2020-07-17 02:40:53.923795	2020-07-17 02:41:02.915004	0.5374502004624024	18.435675939365268	64	1	8	0.0972403473234042	256														CUDA out of memory. Tried to allocate 1.18 GiB (GPU 0; 31.72 GiB total capacity; 27.28 GiB already allocated; 491.88 MiB free; 30.31 GiB reserved in total by PyTorch)									57	Setting status of trial#57 as TrialState.FAIL because the returned value from the objective function cannot be casted to float. Returned value is: None	FAIL
58		2020-07-17 02:41:02.915023	2020-07-17 02:41:12.244189	0.33876687066326555	2.9233262412927954	128	2	9	0.09161423710525812	256														CUDA out of memory. Tried to allocate 2.35 GiB (GPU 0; 31.72 GiB total capacity; 27.29 GiB already allocated; 491.88 MiB free; 30.31 GiB reserved in total by PyTorch)									58	Setting status of trial#58 as TrialState.FAIL because the returned value from the objective function cannot be casted to float. Returned value is: None	FAIL
59		2020-07-17 02:41:12.244204	2020-07-17 02:41:18.134724	0.31132490840624577	21.892808309130757	64	2	6	0.026611709003647555	512														CUDA out of memory. Tried to allocate 1.18 GiB (GPU 0; 31.72 GiB total capacity; 27.28 GiB already allocated; 491.88 MiB free; 30.31 GiB reserved in total by PyTorch)									59	Setting status of trial#59 as TrialState.FAIL because the returned value from the objective function cannot be casted to float. Returned value is: None	FAIL
60		2020-07-17 02:41:18.134739	2020-07-17 02:41:26.118949	0.8414537018620326	11.480765601875122	128	2	3	0.006156744138785085	256														CUDA out of memory. Tried to allocate 2.35 GiB (GPU 0; 31.72 GiB total capacity; 27.29 GiB already allocated; 491.88 MiB free; 30.31 GiB reserved in total by PyTorch)									60	Setting status of trial#60 as TrialState.FAIL because the returned value from the objective function cannot be casted to float. Returned value is: None	FAIL
61		2020-07-17 02:41:26.118965	2020-07-17 02:41:41.822082	0.5308825732846273	11.192569913768768	64	2	10	0.07207424509315394	128														CUDA out of memory. Tried to allocate 1.18 GiB (GPU 0; 31.72 GiB total capacity; 27.28 GiB already allocated; 491.88 MiB free; 30.31 GiB reserved in total by PyTorch)									61	Setting status of trial#61 as TrialState.FAIL because the returned value from the objective function cannot be casted to float. Returned value is: None	FAIL
62		2020-07-17 02:41:41.822099	2020-07-17 02:41:50.993540	0.7537198235877888	2.392605102457418	128	1	10	0.09509923460737608	256														CUDA out of memory. Tried to allocate 2.35 GiB (GPU 0; 31.72 GiB total capacity; 27.29 GiB already allocated; 491.88 MiB free; 30.31 GiB reserved in total by PyTorch)									62	Setting status of trial#62 as TrialState.FAIL because the returned value from the objective function cannot be casted to float. Returned value is: None	FAIL
63		2020-07-17 02:41:50.993556	2020-07-17 02:41:56.818285	0.23746929924478066	16.11013271353297	64	1	6	0.0734620126123698	512														CUDA out of memory. Tried to allocate 1.18 GiB (GPU 0; 31.72 GiB total capacity; 27.28 GiB already allocated; 491.88 MiB free; 30.31 GiB reserved in total by PyTorch)									63	Setting status of trial#63 as TrialState.FAIL because the returned value from the objective function cannot be casted to float. Returned value is: None	FAIL
64		2020-07-17 02:41:56.818301	2020-07-17 02:42:05.878680	0.558262111155799	4.605268359479811	64	2	4	0.01627351122866579	256														CUDA out of memory. Tried to allocate 1.18 GiB (GPU 0; 31.72 GiB total capacity; 27.28 GiB already allocated; 491.88 MiB free; 30.31 GiB reserved in total by PyTorch)									64	Setting status of trial#64 as TrialState.FAIL because the returned value from the objective function cannot be casted to float. Returned value is: None	FAIL
65		2020-07-17 02:42:05.878697	2020-07-17 02:42:19.054395	0.5858548567035217	22.000101469555247	128	2	1	0.09248524150353601	128														CUDA out of memory. Tried to allocate 2.35 GiB (GPU 0; 31.72 GiB total capacity; 27.29 GiB already allocated; 491.88 MiB free; 30.31 GiB reserved in total by PyTorch)									65	Setting status of trial#65 as TrialState.FAIL because the returned value from the objective function cannot be casted to float. Returned value is: None	FAIL
66		2020-07-17 02:42:19.054411	2020-07-17 02:42:28.122900	0.7959800170711835	4.293733815082696	64	1	10	0.09743845213906775	256														CUDA out of memory. Tried to allocate 1.18 GiB (GPU 0; 31.72 GiB total capacity; 27.28 GiB already allocated; 491.88 MiB free; 30.31 GiB reserved in total by PyTorch)									66	Setting status of trial#66 as TrialState.FAIL because the returned value from the objective function cannot be casted to float. Returned value is: None	FAIL
67		2020-07-17 02:42:28.122919	2020-07-17 02:42:35.936363	0.4035018516568254	6.457325683951593	64	2	1	0.09004585477084248	256														CUDA out of memory. Tried to allocate 1.18 GiB (GPU 0; 31.72 GiB total capacity; 27.28 GiB already allocated; 491.88 MiB free; 30.31 GiB reserved in total by PyTorch)									67	Setting status of trial#67 as TrialState.FAIL because the returned value from the objective function cannot be casted to float. Returned value is: None	FAIL
68		2020-07-17 02:42:35.936378	2020-07-17 02:42:51.236723	0.771658268528169	11.841227386815511	64	1	7	0.03928845778387253	128														CUDA out of memory. Tried to allocate 1.18 GiB (GPU 0; 31.72 GiB total capacity; 27.28 GiB already allocated; 491.88 MiB free; 30.31 GiB reserved in total by PyTorch)									68	Setting status of trial#68 as TrialState.FAIL because the returned value from the objective function cannot be casted to float. Returned value is: None	FAIL
69		2020-07-17 02:42:51.236738	2020-07-17 02:43:07.041594	0.8346545653625823	15.716759387085814	128	2	7	0.051756616370560275	128														CUDA out of memory. Tried to allocate 2.35 GiB (GPU 0; 31.72 GiB total capacity; 27.29 GiB already allocated; 491.88 MiB free; 30.31 GiB reserved in total by PyTorch)									69	Setting status of trial#69 as TrialState.FAIL because the returned value from the objective function cannot be casted to float. Returned value is: None	FAIL
70		2020-07-17 02:43:07.041610	2020-07-17 02:43:22.771750	0.7092255982211709	20.486334246936735	128	2	8	0.09509656672297208	128														CUDA out of memory. Tried to allocate 2.35 GiB (GPU 0; 31.72 GiB total capacity; 27.29 GiB already allocated; 491.88 MiB free; 30.31 GiB reserved in total by PyTorch)									70	Setting status of trial#70 as TrialState.FAIL because the returned value from the objective function cannot be casted to float. Returned value is: None	FAIL
71		2020-07-17 02:43:22.771764	2020-07-17 02:43:38.494968	0.8287104421673117	29.868824008265612	128	2	10	0.08854761771052883	128														CUDA out of memory. Tried to allocate 2.35 GiB (GPU 0; 31.72 GiB total capacity; 27.29 GiB already allocated; 491.88 MiB free; 30.31 GiB reserved in total by PyTorch)									71	Setting status of trial#71 as TrialState.FAIL because the returned value from the objective function cannot be casted to float. Returned value is: None	FAIL
72		2020-07-17 02:43:38.494983	2020-07-17 02:43:47.617161	0.2798362618614946	2.180499558503305	64	2	6	0.04561742021688031	256														CUDA out of memory. Tried to allocate 1.18 GiB (GPU 0; 31.72 GiB total capacity; 27.28 GiB already allocated; 491.88 MiB free; 30.31 GiB reserved in total by PyTorch)									72	Setting status of trial#72 as TrialState.FAIL because the returned value from the objective function cannot be casted to float. Returned value is: None	FAIL
73		2020-07-17 02:43:47.617177	2020-07-17 02:44:00.580803	0.7304355767547166	5.20391480250004	64	1	6	0.08829255253942811	128														CUDA out of memory. Tried to allocate 1.18 GiB (GPU 0; 31.72 GiB total capacity; 27.28 GiB already allocated; 491.88 MiB free; 30.31 GiB reserved in total by PyTorch)									73	Setting status of trial#73 as TrialState.FAIL because the returned value from the objective function cannot be casted to float. Returned value is: None	FAIL
74		2020-07-17 02:44:00.580822	2020-07-17 02:44:08.472751	0.32844409633988725	17.557501743988915	64	2	2	0.008276680585532614	256														CUDA out of memory. Tried to allocate 1.18 GiB (GPU 0; 31.72 GiB total capacity; 27.28 GiB already allocated; 491.88 MiB free; 30.31 GiB reserved in total by PyTorch)									74	Setting status of trial#74 as TrialState.FAIL because the returned value from the objective function cannot be casted to float. Returned value is: None	FAIL
75		2020-07-17 02:44:08.472766	2020-07-17 02:44:14.506257	0.4664781535369774	10.53824374299668	128	2	10	0.08748044994352075	512														CUDA out of memory. Tried to allocate 2.35 GiB (GPU 0; 31.72 GiB total capacity; 27.29 GiB already allocated; 491.88 MiB free; 30.31 GiB reserved in total by PyTorch)									75	Setting status of trial#75 as TrialState.FAIL because the returned value from the objective function cannot be casted to float. Returned value is: None	FAIL
76		2020-07-17 02:44:14.506273	2020-07-17 02:44:27.538435	0.8940798080094033	16.02125805377495	128	1	5	0.0042389124474743155	128														CUDA out of memory. Tried to allocate 2.35 GiB (GPU 0; 31.72 GiB total capacity; 27.29 GiB already allocated; 491.88 MiB free; 30.31 GiB reserved in total by PyTorch)									76	Setting status of trial#76 as TrialState.FAIL because the returned value from the objective function cannot be casted to float. Returned value is: None	FAIL
77		2020-07-17 02:44:27.538450	2020-07-17 02:44:35.310036	0.8217245862090174	8.43528788040905	128	1	1	0.04861806030416305	256														CUDA out of memory. Tried to allocate 2.35 GiB (GPU 0; 31.72 GiB total capacity; 27.29 GiB already allocated; 491.88 MiB free; 30.31 GiB reserved in total by PyTorch)									77	Setting status of trial#77 as TrialState.FAIL because the returned value from the objective function cannot be casted to float. Returned value is: None	FAIL
78		2020-07-17 02:44:35.310058	2020-07-17 02:44:41.138426	0.9381816944760313	20.78373804127929	64	1	5	0.027371902170525573	512														CUDA out of memory. Tried to allocate 1.18 GiB (GPU 0; 31.72 GiB total capacity; 27.28 GiB already allocated; 491.88 MiB free; 30.31 GiB reserved in total by PyTorch)									78	Setting status of trial#78 as TrialState.FAIL because the returned value from the objective function cannot be casted to float. Returned value is: None	FAIL
79		2020-07-17 02:44:41.138441	2020-07-17 02:44:47.101950	0.8974878953706312	20.37288343581879	128	1	10	0.07117197563503053	512														CUDA out of memory. Tried to allocate 2.35 GiB (GPU 0; 31.72 GiB total capacity; 27.29 GiB already allocated; 491.88 MiB free; 30.31 GiB reserved in total by PyTorch)									79	Setting status of trial#79 as TrialState.FAIL because the returned value from the objective function cannot be casted to float. Returned value is: None	FAIL
80		2020-07-17 02:44:47.101966	2020-07-17 02:44:54.860378	0.7485686840310622	27.963601000292687	128	1	1	0.054727345663479414	256														CUDA out of memory. Tried to allocate 2.35 GiB (GPU 0; 31.72 GiB total capacity; 27.29 GiB already allocated; 491.88 MiB free; 30.31 GiB reserved in total by PyTorch)									80	Setting status of trial#80 as TrialState.FAIL because the returned value from the objective function cannot be casted to float. Returned value is: None	FAIL
81		2020-07-17 02:44:54.860393	2020-07-17 02:45:00.162082	0.15076679761966658	21.65120918359902	128	2	1	0.04219393340946891	512														CUDA out of memory. Tried to allocate 2.35 GiB (GPU 0; 31.72 GiB total capacity; 27.29 GiB already allocated; 491.88 MiB free; 30.31 GiB reserved in total by PyTorch)									81	Setting status of trial#81 as TrialState.FAIL because the returned value from the objective function cannot be casted to float. Returned value is: None	FAIL
82		2020-07-17 02:45:00.162096	2020-07-17 02:45:13.061465	0.9962138572491547	15.521632618324958	64	1	3	0.021377573793130406	128														CUDA out of memory. Tried to allocate 1.18 GiB (GPU 0; 31.72 GiB total capacity; 27.28 GiB already allocated; 491.88 MiB free; 30.31 GiB reserved in total by PyTorch)									82	Setting status of trial#82 as TrialState.FAIL because the returned value from the objective function cannot be casted to float. Returned value is: None	FAIL
83		2020-07-17 02:45:13.061482	2020-07-17 02:45:20.917465	0.7389354046526723	24.95595973213305	128	1	3	0.06772972033439258	256														CUDA out of memory. Tried to allocate 2.35 GiB (GPU 0; 31.72 GiB total capacity; 27.29 GiB already allocated; 491.88 MiB free; 30.31 GiB reserved in total by PyTorch)									83	Setting status of trial#83 as TrialState.FAIL because the returned value from the objective function cannot be casted to float. Returned value is: None	FAIL
84		2020-07-17 02:45:20.917482	2020-07-17 02:45:36.454375	0.7089168266135327	7.109380964318555	64	2	7	0.02998298309093183	128														CUDA out of memory. Tried to allocate 1.18 GiB (GPU 0; 31.72 GiB total capacity; 27.28 GiB already allocated; 491.88 MiB free; 30.31 GiB reserved in total by PyTorch)									84	Setting status of trial#84 as TrialState.FAIL because the returned value from the objective function cannot be casted to float. Returned value is: None	FAIL
85		2020-07-17 02:45:36.454390	2020-07-17 02:45:42.389179	0.25068547334916613	6.559812457169477	128	1	9	0.08366316060948736	512														CUDA out of memory. Tried to allocate 2.35 GiB (GPU 0; 31.72 GiB total capacity; 27.29 GiB already allocated; 491.88 MiB free; 30.31 GiB reserved in total by PyTorch)									85	Setting status of trial#85 as TrialState.FAIL because the returned value from the objective function cannot be casted to float. Returned value is: None	FAIL
86		2020-07-17 02:45:42.389194	2020-07-17 02:45:58.061071	0.6621076390711823	13.287417318294544	128	2	9	0.001005970828709578	128														CUDA out of memory. Tried to allocate 2.35 GiB (GPU 0; 31.72 GiB total capacity; 27.29 GiB already allocated; 491.88 MiB free; 30.31 GiB reserved in total by PyTorch)									86	Setting status of trial#86 as TrialState.FAIL because the returned value from the objective function cannot be casted to float. Returned value is: None	FAIL
87		2020-07-17 02:45:58.061086	2020-07-17 02:46:10.937013	0.7489406860954085	26.48336290686704	64	1	6	0.07489519409603893	128														CUDA out of memory. Tried to allocate 1.18 GiB (GPU 0; 31.72 GiB total capacity; 27.28 GiB already allocated; 491.88 MiB free; 30.31 GiB reserved in total by PyTorch)									87	Setting status of trial#87 as TrialState.FAIL because the returned value from the objective function cannot be casted to float. Returned value is: None	FAIL
88		2020-07-17 02:46:10.937029	2020-07-17 02:46:18.793767	0.3842447053949455	3.1402232552807137	64	2	2	0.022123316557550225	256														CUDA out of memory. Tried to allocate 1.18 GiB (GPU 0; 31.72 GiB total capacity; 27.28 GiB already allocated; 491.88 MiB free; 30.31 GiB reserved in total by PyTorch)									88	Setting status of trial#88 as TrialState.FAIL because the returned value from the objective function cannot be casted to float. Returned value is: None	FAIL
89		2020-07-17 02:46:18.793782	2020-07-17 02:46:24.714441	0.5107586114472198	18.128085942608813	128	2	2	0.0492006192774653	512														CUDA out of memory. Tried to allocate 2.35 GiB (GPU 0; 31.72 GiB total capacity; 27.29 GiB already allocated; 491.88 MiB free; 30.31 GiB reserved in total by PyTorch)									89	Setting status of trial#89 as TrialState.FAIL because the returned value from the objective function cannot be casted to float. Returned value is: None	FAIL
90		2020-07-17 02:46:24.714457	2020-07-17 02:46:30.658541	0.18824806494106083	11.638158104978073	128	2	4	0.08650517380836698	512														CUDA out of memory. Tried to allocate 2.35 GiB (GPU 0; 31.72 GiB total capacity; 27.29 GiB already allocated; 491.88 MiB free; 30.31 GiB reserved in total by PyTorch)									90	Setting status of trial#90 as TrialState.FAIL because the returned value from the objective function cannot be casted to float. Returned value is: None	FAIL
91		2020-07-17 02:46:30.658556	2020-07-17 02:46:39.936682	0.7343854038315576	12.031846167002117	128	2	9	0.03902709099407142	256														CUDA out of memory. Tried to allocate 2.35 GiB (GPU 0; 31.72 GiB total capacity; 27.29 GiB already allocated; 491.88 MiB free; 30.31 GiB reserved in total by PyTorch)									91	Setting status of trial#91 as TrialState.FAIL because the returned value from the objective function cannot be casted to float. Returned value is: None	FAIL
92		2020-07-17 02:46:39.936698	2020-07-17 02:46:53.146916	0.5164216609860467	25.63337909352356	64	2	4	0.0620033594762228	128														CUDA out of memory. Tried to allocate 1.18 GiB (GPU 0; 31.72 GiB total capacity; 27.28 GiB already allocated; 491.88 MiB free; 30.31 GiB reserved in total by PyTorch)									92	Setting status of trial#92 as TrialState.FAIL because the returned value from the objective function cannot be casted to float. Returned value is: None	FAIL
93		2020-07-17 02:46:53.146935	2020-07-17 02:46:58.981324	0.23507984885407257	14.229396604800222	64	1	9	0.06403431550421215	512														CUDA out of memory. Tried to allocate 1.18 GiB (GPU 0; 31.72 GiB total capacity; 27.28 GiB already allocated; 491.88 MiB free; 30.31 GiB reserved in total by PyTorch)									93	Setting status of trial#93 as TrialState.FAIL because the returned value from the objective function cannot be casted to float. Returned value is: None	FAIL
94		2020-07-17 02:46:58.981339	2020-07-17 02:47:11.985805	0.8929550160863834	20.494918148425576	64	2	1	0.045706619607784146	128														CUDA out of memory. Tried to allocate 1.18 GiB (GPU 0; 31.72 GiB total capacity; 27.28 GiB already allocated; 491.88 MiB free; 30.31 GiB reserved in total by PyTorch)									94	Setting status of trial#94 as TrialState.FAIL because the returned value from the objective function cannot be casted to float. Returned value is: None	FAIL
95		2020-07-17 02:47:11.985820	2020-07-17 02:47:27.368710	0.8426357185622555	9.913276748106025	128	1	8	0.04882252316222687	128														CUDA out of memory. Tried to allocate 2.35 GiB (GPU 0; 31.72 GiB total capacity; 27.29 GiB already allocated; 491.88 MiB free; 30.31 GiB reserved in total by PyTorch)									95	Setting status of trial#95 as TrialState.FAIL because the returned value from the objective function cannot be casted to float. Returned value is: None	FAIL
96		2020-07-17 02:47:27.368726	2020-07-17 02:47:36.491269	0.7579164854485587	22.636671845073828	64	2	7	0.006189286616442068	256														CUDA out of memory. Tried to allocate 1.18 GiB (GPU 0; 31.72 GiB total capacity; 27.28 GiB already allocated; 491.88 MiB free; 30.31 GiB reserved in total by PyTorch)									96	Setting status of trial#96 as TrialState.FAIL because the returned value from the objective function cannot be casted to float. Returned value is: None	FAIL
97		2020-07-17 02:47:36.491284	2020-07-17 02:47:42.435432	0.19715629787681152	11.213865169048008	128	2	4	0.07459419683446325	512														CUDA out of memory. Tried to allocate 2.35 GiB (GPU 0; 31.72 GiB total capacity; 27.29 GiB already allocated; 491.88 MiB free; 30.31 GiB reserved in total by PyTorch)									97	Setting status of trial#97 as TrialState.FAIL because the returned value from the objective function cannot be casted to float. Returned value is: None	FAIL
98		2020-07-17 02:47:42.435448	2020-07-17 02:47:51.354560	0.3405979893312269	15.990354776440352	64	1	5	0.07758880227358857	256														CUDA out of memory. Tried to allocate 1.18 GiB (GPU 0; 31.72 GiB total capacity; 27.28 GiB already allocated; 491.88 MiB free; 30.31 GiB reserved in total by PyTorch)									98	Setting status of trial#98 as TrialState.FAIL because the returned value from the objective function cannot be casted to float. Returned value is: None	FAIL
99		2020-07-17 02:47:51.354574	2020-07-17 02:48:00.366438	0.825427158985159	14.279998884244304	128	1	5	0.051153853523431804	256														CUDA out of memory. Tried to allocate 2.35 GiB (GPU 0; 31.72 GiB total capacity; 27.29 GiB already allocated; 491.88 MiB free; 30.31 GiB reserved in total by PyTorch)									99	Setting status of trial#99 as TrialState.FAIL because the returned value from the objective function cannot be casted to float. Returned value is: None	FAIL
